experiment,episode,return_total,mean_v,mean_abs_omega,success_rate,collision_rate,mean_time_travel
random_hard,1,-2156.071412379706,0.15931989,0.99222225,0.0,1.0,107.0
random_hard,2,-3632.496337890625,0.13567053,0.9791338,0.0,1.0,300.0
random_hard,3,-1018.6211547851562,0.16975316,0.9579858,0.0,0.0,300.0
random_hard,4,-1432.624116237128,0.08298557,0.82621247,0.0,1.0,87.0
random_hard,5,11.266202926635742,0.119051985,0.84476036,0.0,0.0,300.0
random_hard,6,-284.71649169921875,0.115808375,0.7727997,0.0,0.0,300.0
random_hard,7,-649.7333691668155,0.13566898,0.85565746,0.0,1.0,270.0
random_hard,8,-395.1623623919132,0.3963108,0.83780336,0.0,1.0,47.0
random_hard,9,-1472.4623578142764,0.18908131,0.93950725,0.0,1.0,77.0
random_hard,10,191.12423706054688,0.2053509,0.8236824,0.0,0.0,300.0
random_hard,11,-688.891465480292,0.3570851,1.0038342,0.0,1.0,22.0
random_hard,12,625.061767578125,0.25181094,0.872826,1.0,0.0,174.0
random_hard,13,558.7828369140625,0.16953772,0.8673904,1.0,0.0,205.0
random_hard,14,215.2838592529297,0.20158564,0.8441247,0.0,0.0,300.0
random_hard,15,-476.8223279070499,0.7841875,0.8619768,0.0,1.0,25.0
random_hard,16,690.3673095703125,0.29190487,0.7959022,1.0,0.0,243.0
random_hard,17,-809.8584302019717,0.39981654,0.87208,0.0,1.0,99.0
random_hard,18,-540.5384686541202,0.36964485,0.82975304,0.0,1.0,277.0
random_hard,19,576.0775146484375,0.3222776,0.79352105,1.0,0.0,142.0
random_hard,21,719.334228515625,0.37375256,0.8194289,1.0,0.0,185.0
random_hard,22,-32.18209963556552,0.51457983,0.8268562,0.0,1.0,112.0
random_hard,23,-530.3173993181827,0.54951763,0.84106797,0.0,1.0,41.0
random_hard,24,-265.6264508318546,1.2618573,0.8187405,0.0,1.0,22.0
random_hard,25,868.2560424804688,0.41537142,0.82797253,1.0,0.0,224.0
random_hard,26,858.7120361328125,0.30721748,0.8658671,1.0,0.0,217.0
random_hard,27,840.0646362304688,0.18999875,0.79248506,1.0,0.0,258.0
random_hard,28,786.095458984375,0.3036969,0.7893752,1.0,0.0,299.0
random_hard,29,597.9349975585938,0.21277976,0.78636724,1.0,0.0,295.0
random_hard,30,797.0482177734375,0.22228685,0.86217386,1.0,0.0,133.0
random_hard,31,147.64790219548917,0.318228,0.82127565,0.0,1.0,245.0
random_hard,32,531.05517578125,0.266121,0.81934524,0.0,0.0,300.0
random_hard,33,-524.0424054216983,0.7385961,0.8963935,0.0,1.0,13.0
random_hard,34,-38.98776369806552,0.36233228,0.7849024,0.0,1.0,170.0
random_hard,35,464.5442810058594,0.33121365,0.8321237,0.0,0.0,300.0
random_hard,36,-26.79988222833896,0.26806825,0.8074297,0.0,1.0,141.0
random_hard,37,462.1470947265625,0.16360047,0.8532855,1.0,0.0,277.0
random_hard,38,-663.0573590349795,0.18881245,0.7830055,0.0,1.0,197.0
random_hard,39,443.255859375,0.22910133,0.8361832,0.0,0.0,300.0
random_hard,41,-1113.1931164812686,0.2824956,0.8507307,0.0,1.0,24.0
random_hard,42,-397.87724428888583,0.6429216,0.8335166,0.0,1.0,38.0
random_hard,43,487.9937438964844,0.36258185,0.82734144,0.0,0.0,300.0
random_hard,44,584.732421875,0.17350453,0.8091924,1.0,0.0,179.0
random_hard,45,35.756300632989166,0.25367492,0.87692904,0.0,1.0,97.0
random_hard,46,152.09860229492188,0.19123398,0.8092468,0.0,0.0,300.0
random_hard,47,-365.66808062311435,0.6535787,0.9650236,0.0,1.0,25.0
random_hard,48,-672.6172650408389,0.22410749,0.8034643,0.0,1.0,66.0
random_hard,49,-380.01910400390625,0.09255733,0.8082845,0.0,0.0,300.0
random_hard,50,-347.29620361328125,0.07731739,0.7463566,0.0,0.0,300.0
random_hard,51,195.58773803710938,0.10189358,0.75381756,0.0,0.0,300.0
random_hard,52,-342.7816467285156,0.042235777,0.7127282,0.0,0.0,300.0
random_hard,53,-634.3652051043155,0.27473536,0.8574382,0.0,1.0,65.0
random_hard,54,-621.7228406023623,0.21936335,0.7880551,0.0,1.0,167.0
random_hard,55,246.34552001953125,0.16020095,0.7775829,0.0,0.0,300.0
random_hard,56,-436.882080078125,0.055495642,0.7882071,0.0,0.0,300.0
random_hard,57,-89.12245178222656,0.07590209,0.74896395,0.0,0.0,300.0
random_hard,58,284.52276611328125,0.15258197,0.79011863,0.0,0.0,300.0
random_hard,59,-346.9698486328125,0.04441532,0.75756174,0.0,0.0,300.0
random_hard,61,294.1203308105469,0.084219284,0.777882,0.0,0.0,300.0
random_hard,62,529.8190307617188,0.053433582,0.7560939,0.0,0.0,300.0
random_hard,63,-1061.3658447265625,0.18169859,0.7216521,0.0,0.0,300.0
random_hard,64,-213.37948608398438,0.09710992,0.6745659,0.0,0.0,300.0
random_hard,65,-283.62109375,0.08337357,0.7227319,0.0,0.0,300.0
random_hard,66,-208.1854248046875,0.10249253,0.6779803,0.0,0.0,300.0
random_hard,67,57.70930862426758,0.19207121,0.6404835,0.0,0.0,300.0
random_hard,68,-302.1617431640625,0.047265198,0.6069517,0.0,0.0,300.0
random_hard,69,-266.3749694824219,0.03773359,0.5325,0.0,0.0,300.0
random_hard,70,189.5885467529297,0.21719648,0.58571154,0.0,0.0,300.0
random_hard,71,555.8314819335938,0.23121448,0.6599265,0.0,0.0,300.0
random_hard,72,-78.15613555908203,0.09734585,0.509178,0.0,0.0,300.0
random_hard,73,-272.5458679199219,0.028366039,0.51090676,0.0,0.0,300.0
random_hard,74,675.197509765625,0.16736177,0.49773952,0.0,0.0,300.0
random_hard,75,344.3815612792969,0.099999964,0.51424307,0.0,0.0,300.0
random_hard,76,1128.94873046875,0.23360677,0.5002142,1.0,0.0,254.0
random_hard,77,-174.01394653320312,0.07070093,0.4141833,0.0,0.0,300.0
random_hard,78,653.9572143554688,0.24349569,0.36709952,0.0,0.0,300.0
random_hard,79,282.0556640625,0.19716172,0.36951593,0.0,0.0,300.0
random_hard,81,1655.3935546875,0.51068187,0.37376282,1.0,0.0,187.0
random_hard,82,1253.1915283203125,0.14550515,0.37713775,0.0,0.0,300.0
random_hard,83,-185.22128420587802,3.2860272,0.6071464,0.0,1.0,9.0
random_hard,84,520.0830828595517,0.6275753,0.45033196,0.0,1.0,101.0
random_hard,85,-272.28320437189365,2.8885918,0.7240394,0.0,1.0,6.0
random_hard,86,-168.5176404070499,3.6215959,0.5765459,0.0,1.0,11.0
random_hard,87,167.6441192626953,0.14660648,0.340484,0.0,0.0,300.0
random_hard,88,57.78871154785156,0.12299043,0.28831443,0.0,0.0,300.0
random_hard,89,1458.5682373046875,0.20395745,0.35419178,0.0,0.0,300.0
random_hard,90,102.50874203923917,0.9537862,0.46747077,0.0,1.0,34.0
random_hard,91,1444.8643798828125,0.44837016,0.3535735,1.0,0.0,127.0
random_hard,92,-341.1903584551456,3.8734171,0.3441763,0.0,1.0,19.0
random_hard,93,401.2202288556454,0.604531,0.3413389,0.0,1.0,161.0
random_hard,94,190.8494110107422,0.18350935,0.34978127,0.0,0.0,300.0
random_hard,95,-224.79622011896396,3.0437274,0.5587151,0.0,1.0,8.0
random_hard,96,48.18821334838867,0.09925618,0.26063484,0.0,0.0,300.0
random_hard,97,-24.5737247467041,0.06417833,0.2609154,0.0,0.0,300.0
random_hard,98,362.2278137207031,0.061007734,0.27107027,0.0,0.0,300.0
random_hard,99,451.0331726074219,0.16511838,0.24487665,0.0,0.0,300.0
random_hard,101,778.097319309747,0.14378887,0.22755879,0.0,1.0,240.0
random_hard,102,-234.5060437273624,2.9965935,0.48092526,0.0,1.0,16.0
random_hard,103,1499.997802734375,0.48044175,0.24657807,1.0,0.0,159.0
random_hard,104,532.3793334960938,0.16871804,0.2594644,0.0,0.0,300.0
random_hard,105,-76.77391176935458,3.5573065,0.419703,0.0,1.0,14.0
random_hard,106,1029.40478515625,0.24601685,0.2588154,0.0,0.0,300.0
random_hard,107,1870.9239501953125,0.39233682,0.28954753,1.0,0.0,191.0
random_hard,108,1447.451416015625,1.4471216,0.39994383,1.0,0.0,80.0
random_hard,109,-135.95182924982333,3.067272,0.53767335,0.0,1.0,12.0
random_hard,110,595.1647338867188,0.18161145,0.2503444,0.0,0.0,300.0
random_hard,111,-214.06224947687411,3.7496488,0.32348248,0.0,1.0,8.0
random_hard,112,1174.4718017578125,0.120530255,0.2766701,0.0,0.0,300.0
random_hard,113,115.02003479003906,0.11155803,0.2026409,0.0,0.0,300.0
random_hard,114,771.1870727539062,0.16066581,0.23925091,0.0,0.0,300.0
random_hard,115,1688.9912109375,0.5555375,0.23731355,1.0,0.0,135.0
random_hard,116,-75.3574841570499,2.716506,0.5048391,0.0,1.0,12.0
random_hard,117,-147.28341799494052,3.9239693,0.27988094,0.0,1.0,8.0
random_hard,118,1184.58837890625,0.1673407,0.2101218,0.0,0.0,300.0
random_hard,119,612.8850708007812,0.014198661,0.156467,0.0,0.0,300.0
random_hard,121,1443.7667236328125,0.11009658,0.14866492,1.0,0.0,284.0
random_hard,122,2438.56884765625,0.3457265,0.22707525,1.0,0.0,236.0
random_hard,123,1242.98779296875,0.0885731,0.13805489,0.0,0.0,300.0
random_hard,124,1589.267578125,0.3034097,0.18394285,1.0,0.0,235.0
random_hard,125,1953.728515625,0.39468414,0.17407891,1.0,0.0,197.0
random_hard,126,1847.8240966796875,0.5418595,0.17405872,1.0,0.0,216.0
random_hard,127,976.6857299804688,0.39969325,0.2831196,1.0,0.0,91.0
random_hard,128,-249.80459719415927,1.9679465,0.45883465,0.0,1.0,11.0
random_hard,129,-153.78898745294833,2.3785005,0.4493133,0.0,1.0,14.0
random_hard,130,1693.233154296875,0.5434738,0.20527864,1.0,0.0,152.0
random_hard,131,1145.700927734375,1.1195966,0.27219263,1.0,0.0,59.0
random_hard,132,1399.9532470703125,1.1679238,0.27364695,1.0,0.0,88.0
random_hard,133,1072.017578125,0.9556043,0.43139932,1.0,0.0,50.0
random_hard,134,1330.3199462890625,0.42841175,0.15189756,1.0,0.0,163.0
random_hard,135,1150.7978515625,2.0498364,0.3328167,1.0,0.0,44.0
random_hard,136,875.8536987304688,1.5422604,0.62657696,1.0,0.0,32.0
random_hard,137,1.2774187970516664,2.614682,0.43059,0.0,1.0,16.0
random_hard,138,1308.4949951171875,2.173258,0.37747565,1.0,0.0,43.0
random_hard,139,996.4078369140625,1.450789,0.59618133,1.0,0.0,44.0
random_hard,141,1213.98828125,1.0067245,0.7194664,1.0,0.0,140.0
random_hard,142,1192.0203857421875,1.2245315,0.6489309,1.0,0.0,85.0
random_hard,143,-242.23755007501865,1.8990839,0.5473506,0.0,1.0,9.0
random_hard,144,1343.60595703125,1.040793,0.68545383,1.0,0.0,166.0
random_hard,145,1326.749755859375,0.96261615,0.7131311,1.0,0.0,152.0
random_hard,146,1133.4359130859375,1.5366468,0.53224796,1.0,0.0,67.0
random_hard,147,1041.4090576171875,1.4833939,0.6501937,1.0,0.0,57.0
random_hard,148,940.4894409179688,1.3655862,0.549073,1.0,0.0,40.0
random_hard,149,-64.1943982195499,3.6304884,0.2887545,0.0,1.0,12.0
random_hard,150,1096.7982177734375,1.7669884,0.6137655,1.0,0.0,53.0
random_hard,151,1650.54443359375,1.0188535,0.7002335,1.0,0.0,185.0
random_hard,152,1172.542724609375,2.3870351,0.23764428,1.0,0.0,34.0
random_hard,153,679.2723388671875,1.3809465,0.47705624,1.0,0.0,24.0
random_hard,154,1179.9185791015625,0.84105587,0.7330222,1.0,0.0,129.0
random_hard,155,809.3797607421875,2.118736,0.530027,1.0,0.0,23.0
random_hard,156,860.18310546875,1.8831465,0.45944896,1.0,0.0,26.0
random_hard,157,907.538818359375,1.437197,0.5084099,1.0,0.0,42.0
random_hard,158,1320.5499267578125,1.6030736,0.57250255,1.0,0.0,61.0
random_hard,159,844.207275390625,0.784412,0.70748883,1.0,0.0,95.0
random_hard,161,-287.167931849921,3.8961315,0.4633894,0.0,1.0,3.0
random_hard,162,1375.3548583984375,1.5937932,0.47028673,1.0,0.0,61.0
random_hard,163,1201.2955322265625,1.3912687,0.51659423,1.0,0.0,61.0
random_hard,164,753.2815551757812,1.1420878,0.61944723,1.0,0.0,84.0
random_hard,165,802.7024536132812,1.1937743,0.6088945,1.0,0.0,46.0
random_hard,166,1643.8492431640625,1.587813,0.5361362,1.0,0.0,105.0
random_hard,167,1907.828857421875,1.985418,0.4032125,1.0,0.0,83.0
random_hard,168,85.95393246892667,3.9497283,0.21707132,0.0,1.0,14.0
random_hard,169,830.0604858398438,1.5247849,0.45875955,1.0,0.0,28.0
random_hard,170,1569.23486328125,1.3961811,0.5662798,1.0,0.0,107.0
random_hard,171,909.27001953125,1.6576122,0.47283652,1.0,0.0,35.0
random_hard,172,1153.6552734375,0.91723794,0.61914825,1.0,0.0,81.0
random_hard,173,1282.3388671875,1.690795,0.3790919,1.0,0.0,58.0
random_hard,174,939.4432373046875,1.0690054,0.71819437,1.0,0.0,74.0
random_hard,175,1458.189697265625,2.4799829,0.31074068,1.0,0.0,46.0
random_hard,176,1393.504150390625,2.399959,0.3811481,1.0,0.0,45.0
random_hard,177,1942.30712890625,1.5872113,0.5719662,1.0,0.0,107.0
random_hard,178,679.5460205078125,1.8595467,0.4778512,1.0,0.0,19.0
random_hard,179,1815.7952880859375,1.8316954,0.5297916,1.0,0.0,98.0
random_hard,181,1127.5252685546875,1.0218557,0.704406,1.0,0.0,111.0
random_hard,182,1538.27734375,1.1752982,0.6285304,1.0,0.0,104.0
random_hard,183,172.86266965154385,2.425805,0.3809654,0.0,1.0,25.0
random_hard,184,1175.6170654296875,1.935165,0.40028727,1.0,0.0,44.0
random_hard,185,-439.3503354143741,3.9540744,0.6685134,0.0,1.0,2.0
random_hard,186,1598.905517578125,2.002101,0.43115735,1.0,0.0,66.0
random_hard,187,1346.75537109375,2.3452833,0.39232567,1.0,0.0,47.0
random_hard,188,1034.6749267578125,1.2449158,0.5515577,1.0,0.0,52.0
random_hard,189,1145.8887939453125,1.2432541,0.6304878,1.0,0.0,65.0
random_hard,190,1039.0732421875,1.5951664,0.5754965,1.0,0.0,40.0
random_hard,191,851.6104736328125,2.2852345,0.4024634,1.0,0.0,25.0
random_hard,192,177.74239987615323,2.2225149,0.40878528,0.0,1.0,27.0
random_hard,193,834.9656982421875,1.1142021,0.6472143,1.0,0.0,50.0
random_hard,194,1171.88037109375,2.3005831,0.3494698,1.0,0.0,35.0
random_hard,195,373.78217953923917,1.0927283,0.6944577,0.0,1.0,72.0
random_hard,196,1314.82666015625,2.3227122,0.41955438,1.0,0.0,45.0
random_hard,197,759.8348388671875,2.382268,0.3273173,1.0,0.0,16.0
random_hard,198,1384.5777587890625,2.242818,0.26136407,1.0,0.0,48.0
random_hard,199,1032.8759765625,2.5179908,0.38630858,1.0,0.0,30.0
random_hard,201,1084.562255859375,1.6443743,0.46282855,1.0,0.0,47.0
random_hard,202,856.4632568359375,1.0080643,0.6000973,1.0,0.0,42.0
random_hard,203,428.12451047185635,1.8871192,0.27741215,0.0,1.0,35.0
random_hard,204,837.335693359375,1.0073965,0.6244217,1.0,0.0,58.0
random_hard,205,1622.780517578125,2.7065809,0.20970792,1.0,0.0,49.0
random_hard,206,640.666259765625,1.1486441,0.57635313,1.0,0.0,26.0
random_hard,207,935.1785888671875,1.4993134,0.51932424,1.0,0.0,40.0
random_hard,208,837.2125854492188,0.93549544,0.5422307,1.0,0.0,44.0
random_hard,209,1349.4815673828125,2.2773511,0.39181206,1.0,0.0,47.0
random_hard,210,1177.5635986328125,1.3236927,0.58156234,1.0,0.0,62.0
random_hard,211,1848.00390625,1.8792042,0.4038766,1.0,0.0,80.0
random_hard,212,971.5238647460938,1.1260402,0.51225036,1.0,0.0,59.0
random_hard,213,1512.5672607421875,1.6042355,0.45424345,1.0,0.0,71.0
random_hard,214,-284.1483891558292,4.476329,0.3347377,0.0,1.0,2.0
random_hard,215,1012.1773681640625,1.2788097,0.5117098,1.0,0.0,55.0
random_hard,216,1825.9024658203125,1.9471245,0.46139687,1.0,0.0,83.0
random_hard,217,1105.908203125,1.4319602,0.5159487,1.0,0.0,54.0
random_hard,218,1089.468994140625,1.7216656,0.4296429,1.0,0.0,46.0
random_hard,219,1019.5202624249814,3.0295506,0.20510028,0.0,1.0,46.0
random_hard,221,1288.783447265625,1.3223392,0.48987645,1.0,0.0,82.0
random_hard,222,1255.3988037109375,1.7836227,0.5326393,1.0,0.0,64.0
random_hard,223,-116.1995251726749,1.9935595,0.29925618,0.0,1.0,15.0
random_hard,224,896.3449096679688,1.5810213,0.5976616,1.0,0.0,46.0
random_hard,225,1218.19921875,2.1844249,0.29940104,1.0,0.0,42.0
random_hard,226,1006.0762329101562,1.436947,0.5825008,1.0,0.0,55.0
random_hard,227,619.0731201171875,1.4950352,0.5933769,1.0,0.0,18.0
random_hard,228,334.1707598615048,2.226023,0.47483814,0.0,1.0,31.0
random_hard,229,913.5944213867188,1.4172953,0.51229435,1.0,0.0,41.0
random_hard,230,1042.5828857421875,1.4484762,0.43006024,1.0,0.0,40.0
random_hard,231,904.0478515625,2.0730357,0.490769,1.0,0.0,33.0
random_hard,232,1519.72607421875,2.528822,0.2756951,1.0,0.0,50.0
random_hard,233,892.127197265625,1.1446187,0.50484407,1.0,0.0,42.0
random_hard,234,894.4977416992188,2.2074082,0.23897742,1.0,0.0,23.0
random_hard,235,1169.17041015625,2.3768516,0.35665786,1.0,0.0,50.0
random_hard,236,1227.4354248046875,2.020747,0.23176149,1.0,0.0,42.0
random_hard,237,1056.1436767578125,2.0385838,0.45822558,1.0,0.0,47.0
random_hard,238,1454.1085205078125,0.92595863,0.6977508,1.0,0.0,144.0
random_hard,239,1642.5343017578125,1.2270929,0.612485,1.0,0.0,121.0
random_hard,241,-282.28844195123935,4.5275664,0.12013644,0.0,1.0,5.0
random_hard,242,1186.5908203125,1.3708178,0.5817192,1.0,0.0,71.0
random_hard,243,1516.9591064453125,1.4174166,0.46963623,1.0,0.0,84.0
random_hard,244,1343.87841796875,1.0811573,0.6543829,1.0,0.0,113.0
random_hard,245,1574.2967529296875,1.9898442,0.40405437,1.0,0.0,62.0
random_hard,246,784.7242431640625,1.2193968,0.59325266,1.0,0.0,34.0
random_hard,247,1273.469970703125,1.927196,0.43063042,1.0,0.0,52.0
random_hard,248,1047.2149658203125,1.4824121,0.4565159,1.0,0.0,43.0
random_hard,249,899.9367065429688,1.6845661,0.5169189,1.0,0.0,38.0
random_hard,250,1199.414794921875,1.1340367,0.6619404,1.0,0.0,81.0
random_hard,251,1424.014404296875,1.8739108,0.53127784,1.0,0.0,58.0
random_hard,252,1247.29443359375,2.1727297,0.31342763,1.0,0.0,41.0
random_hard,253,1005.817626953125,2.099314,0.4528279,1.0,0.0,35.0
random_hard,254,1699.161865234375,1.1470455,0.6118921,1.0,0.0,136.0
random_hard,255,1284.445068359375,1.1366082,0.63957715,1.0,0.0,96.0
random_hard,256,1531.017578125,1.2287513,0.63108635,1.0,0.0,125.0
random_hard,257,1533.068603515625,1.1807804,0.6098868,1.0,0.0,107.0
random_hard,258,1083.0828857421875,1.7167042,0.37353772,1.0,0.0,42.0
random_hard,259,574.4430541992188,0.8554285,0.6072607,1.0,0.0,18.0
random_hard,261,-224.43480044122958,4.1070814,0.18603836,0.0,1.0,5.0
random_hard,262,1045.112060546875,1.196856,0.60755676,1.0,0.0,61.0
random_hard,263,1315.0203857421875,1.6932188,0.4595739,1.0,0.0,59.0
random_hard,264,2062.31494140625,1.8718915,0.4701106,1.0,0.0,92.0
random_hard,265,1099.3804931640625,2.6950746,0.23858184,1.0,0.0,27.0
random_hard,266,1512.9935302734375,2.0571134,0.39593387,1.0,0.0,56.0
random_hard,267,338.34399289373135,2.0185065,0.2537065,0.0,1.0,26.0
random_hard,268,920.469482421875,0.9768216,0.5466938,1.0,0.0,54.0
random_hard,269,1191.022216796875,1.3426607,0.5461242,1.0,0.0,66.0
random_hard,270,983.9032592773438,1.4976865,0.49809122,1.0,0.0,44.0
random_hard,271,810.53076171875,1.0269535,0.6106626,1.0,0.0,41.0
random_hard,272,1232.8056640625,2.3486927,0.30029818,1.0,0.0,40.0
random_hard,273,1247.3450927734375,0.8378303,0.6812434,1.0,0.0,113.0
random_hard,274,1194.1383056640625,1.4583918,0.4539498,1.0,0.0,55.0
random_hard,275,1139.919189453125,1.3440006,0.591498,1.0,0.0,59.0
random_hard,276,888.3161010742188,0.7910321,0.69071597,1.0,0.0,55.0
random_hard,277,1247.2315673828125,1.0715101,0.63340545,1.0,0.0,84.0
random_hard,278,1136.099853515625,1.8266513,0.3900381,1.0,0.0,44.0
random_hard,279,1956.0618896484375,2.1288319,0.41206497,1.0,0.0,80.0
random_hard,281,874.7247314453125,1.8589913,0.4895968,1.0,0.0,32.0
random_hard,282,1866.7760009765625,1.1230242,0.5914322,1.0,0.0,128.0
random_hard,283,1174.22216796875,1.3299811,0.5854119,1.0,0.0,71.0
random_hard,284,1592.65283203125,1.6687893,0.49094138,1.0,0.0,84.0
random_hard,285,920.1689453125,1.3664002,0.6031076,1.0,0.0,43.0
random_hard,286,-152.32743960138583,2.196369,0.3394437,0.0,1.0,11.0
random_hard,287,973.1354370117188,1.0321971,0.62614197,1.0,0.0,67.0
random_hard,288,-85.99977236505771,2.6786098,0.33685705,0.0,1.0,11.0
random_hard,289,1053.2303466796875,0.8920102,0.7022676,1.0,0.0,83.0
random_hard,290,1207.840087890625,1.7148972,0.5275601,1.0,0.0,54.0
random_hard,291,-80.66223269220615,2.3718345,0.24704699,0.0,1.0,14.0
random_hard,292,1085.1243896484375,1.4930029,0.5488397,1.0,0.0,53.0
random_hard,293,1260.344970703125,0.93497735,0.6672212,1.0,0.0,106.0
random_hard,294,1236.26806640625,1.3994479,0.581275,1.0,0.0,60.0
random_hard,295,191.7638995099423,1.0261891,0.69303405,0.0,1.0,46.0
random_hard,296,1100.4892578125,1.0954396,0.57261395,1.0,0.0,72.0
random_hard,297,971.946533203125,1.8824164,0.54266435,1.0,0.0,35.0
random_hard,298,811.0454711914062,1.9881092,0.33688805,1.0,0.0,21.0
random_hard,299,1105.9642333984375,2.3256154,0.37587702,1.0,0.0,29.0
random_hard,301,945.6650390625,2.0647318,0.5203593,1.0,0.0,35.0
random_hard,302,1124.177001953125,1.8946267,0.44001883,1.0,0.0,35.0
random_hard,303,658.52392578125,1.1541303,0.5541034,1.0,0.0,28.0
random_hard,304,1928.8477783203125,1.6014162,0.50718313,1.0,0.0,90.0
random_hard,305,1574.366943359375,2.4372785,0.31938997,1.0,0.0,52.0
random_hard,306,-237.56084566828036,1.9602026,0.5167925,0.0,1.0,7.0
random_hard,307,1129.2109375,1.7067865,0.52945817,1.0,0.0,40.0
random_hard,308,-281.8846409868839,4.5428243,0.5330322,0.0,1.0,2.0
random_hard,309,1559.4896240234375,2.3556337,0.31715795,1.0,0.0,50.0
random_hard,310,1412.2061767578125,1.5254567,0.55997896,1.0,0.0,74.0
random_hard,311,1220.5057373046875,1.9410999,0.40317562,1.0,0.0,45.0
random_hard,312,1085.650146484375,1.2191304,0.50685436,1.0,0.0,55.0
random_hard,313,1200.0509033203125,1.7946037,0.5423908,1.0,0.0,43.0
random_hard,314,1675.4444580078125,1.7333808,0.5042291,1.0,0.0,71.0
random_hard,315,940.5590209960938,1.8895802,0.5272032,1.0,0.0,36.0
random_hard,316,1048.339599609375,1.5915226,0.5463931,1.0,0.0,47.0
random_hard,317,1510.186279296875,2.068425,0.39413723,1.0,0.0,57.0
random_hard,318,755.4507446289062,0.78176975,0.6646305,1.0,0.0,34.0
random_hard,319,1037.075927734375,2.1779943,0.3154534,1.0,0.0,29.0
random_hard,321,1425.5323486328125,2.0040584,0.37447715,1.0,0.0,51.0
random_hard,322,952.9210815429688,1.5031744,0.38181746,1.0,0.0,36.0
random_hard,323,1261.4052734375,1.8349344,0.40054962,1.0,0.0,45.0
random_hard,324,987.9061279296875,2.0951643,0.45008636,1.0,0.0,33.0
random_hard,325,1085.184814453125,0.91738486,0.5790719,1.0,0.0,67.0
random_hard,326,1775.620849609375,1.9198865,0.44210154,1.0,0.0,69.0
random_hard,327,1232.4249267578125,1.5347323,0.43838742,1.0,0.0,46.0
random_hard,328,-246.40197115656161,4.1954784,0.3832589,0.0,1.0,3.0
random_hard,329,1210.296142578125,1.3274037,0.5341337,1.0,0.0,61.0
random_hard,330,959.5735473632812,1.476681,0.5530296,1.0,0.0,47.0
random_hard,331,1057.8548583984375,2.1597903,0.40734914,1.0,0.0,32.0
random_hard,332,1176.5784912109375,1.350273,0.5855815,1.0,0.0,52.0
random_hard,333,1202.5125732421875,1.7491045,0.42001468,1.0,0.0,43.0
random_hard,334,1187.68896484375,1.6172403,0.47549632,1.0,0.0,48.0
random_hard,335,1180.9759521484375,1.9154979,0.46038347,1.0,0.0,42.0
random_hard,336,1209.2000732421875,2.249053,0.38512233,1.0,0.0,36.0
random_hard,337,1518.208984375,2.0384214,0.37627807,1.0,0.0,55.0
random_hard,338,253.46772641423917,2.3163772,0.35554,0.0,1.0,20.0
random_hard,339,949.968017578125,2.3696141,0.33842325,1.0,0.0,24.0
random_hard,341,1460.47265625,2.0801885,0.39952484,1.0,0.0,53.0
random_hard,342,1170.927978515625,1.2042389,0.60238796,1.0,0.0,54.0
random_hard,343,1151.4654541015625,2.5931592,0.21627392,1.0,0.0,29.0
random_hard,344,1426.0032958984375,1.6045043,0.46241373,1.0,0.0,66.0
random_hard,345,802.1179809570312,1.631746,0.5119409,1.0,0.0,31.0
random_hard,346,1137.5718994140625,1.9347929,0.4907025,1.0,0.0,36.0
random_hard,347,984.6128540039062,1.2904632,0.54472125,1.0,0.0,40.0
random_hard,348,1139.69677734375,1.8780402,0.47791025,1.0,0.0,39.0
random_hard,349,999.1314086914062,1.2649223,0.5773848,1.0,0.0,54.0
random_hard,350,1002.0428466796875,2.0246856,0.4535193,1.0,0.0,32.0
random_hard,351,792.9088134765625,1.4279916,0.5485738,1.0,0.0,33.0
random_hard,352,1165.6820068359375,1.447471,0.5731278,1.0,0.0,56.0
random_hard,353,1722.846435546875,1.7060008,0.522008,1.0,0.0,83.0
random_hard,354,875.25732421875,1.9942385,0.44172937,1.0,0.0,23.0
random_hard,355,1329.2972412109375,1.8622065,0.49114227,1.0,0.0,54.0
random_hard,356,1423.2861328125,1.3043923,0.61952305,1.0,0.0,74.0
random_hard,357,2191.439453125,1.6196662,0.58112234,1.0,0.0,143.0
random_hard,358,860.624755859375,1.5412142,0.5365195,1.0,0.0,37.0
random_hard,359,1609.734375,2.9766307,0.31318608,1.0,0.0,42.0
random_hard,361,873.4114990234375,1.789574,0.49224225,1.0,0.0,29.0
random_hard,362,1182.114501953125,2.3978555,0.5211968,1.0,0.0,41.0
random_hard,363,866.0306396484375,1.3978498,0.47936234,1.0,0.0,30.0
random_hard,364,919.3623046875,2.5382254,0.32411218,1.0,0.0,21.0
random_hard,365,1614.5072021484375,1.0805463,0.65263355,1.0,0.0,104.0
random_hard,366,1641.1292724609375,2.360503,0.42176488,1.0,0.0,53.0
random_hard,367,1063.2174072265625,1.5475152,0.559566,1.0,0.0,43.0
random_hard,368,801.0662841796875,1.2442175,0.66451573,1.0,0.0,47.0
random_hard,369,683.8572387695312,1.623054,0.43837994,1.0,0.0,18.0
random_hard,370,1097.8294677734375,1.5106411,0.6363185,1.0,0.0,59.0
random_hard,371,1115.89892578125,2.0759797,0.3597273,1.0,0.0,33.0
random_hard,372,1149.6102294921875,1.3924583,0.62448186,1.0,0.0,54.0
random_hard,373,-309.86894350763583,4.022357,0.47996065,0.0,1.0,3.0
random_hard,374,809.39501953125,1.4884905,0.61121166,1.0,0.0,35.0
random_hard,375,1765.7911376953125,2.040047,0.45080543,1.0,0.0,69.0
random_hard,376,1285.9686279296875,2.8505747,0.21154389,1.0,0.0,31.0
random_hard,377,1057.97998046875,1.84917,0.5125702,1.0,0.0,40.0
random_hard,378,1270.4210205078125,1.202121,0.61781615,1.0,0.0,61.0
random_hard,379,1187.8614501953125,1.791077,0.39124745,1.0,0.0,46.0
random_hard,381,1330.863037109375,1.1119597,0.65380645,1.0,0.0,102.0
random_hard,382,1325.036865234375,3.1594617,0.37283435,1.0,0.0,30.0
random_hard,383,1349.9886474609375,1.984102,0.54257137,1.0,0.0,55.0
random_hard,384,1033.242431640625,1.122277,0.6722967,1.0,0.0,50.0
random_hard,385,1040.2406005859375,1.8122785,0.45723987,1.0,0.0,37.0
random_hard,386,1005.0849609375,1.8504068,0.36138037,1.0,0.0,34.0
random_hard,387,1325.6844482421875,1.9754323,0.46718347,1.0,0.0,52.0
random_hard,388,702.1502685546875,1.0710038,0.55026853,1.0,0.0,27.0
random_hard,389,1158.4854736328125,1.9718459,0.34450087,1.0,0.0,42.0
random_hard,390,1029.442138671875,2.5472512,0.30478576,1.0,0.0,26.0
random_hard,391,1266.2080078125,0.94647753,0.6927784,1.0,0.0,121.0
random_hard,392,843.340087890625,1.3294824,0.59707624,1.0,0.0,35.0
random_hard,393,1384.8568115234375,1.779872,0.48747984,1.0,0.0,57.0
random_hard,394,944.0523681640625,1.3499923,0.5919678,1.0,0.0,41.0
random_hard,395,897.0371704101562,1.7738572,0.49338907,1.0,0.0,31.0
random_hard,396,1033.5318603515625,1.0264192,0.5580964,1.0,0.0,49.0
random_hard,397,-73.28819399591708,1.9945145,0.21517919,0.0,1.0,16.0
random_hard,398,1726.534912109375,2.738184,0.20538877,1.0,0.0,49.0
random_hard,399,957.2537841796875,2.3449702,0.35312784,1.0,0.0,26.0
random_hard,401,1353.705810546875,1.99749,0.44372937,1.0,0.0,51.0
random_hard,402,788.780517578125,1.3319318,0.5180132,1.0,0.0,32.0
random_hard,403,1140.3131103515625,1.8607845,0.39968878,1.0,0.0,36.0
random_hard,404,1191.695556640625,2.6297295,0.3132853,1.0,0.0,34.0
random_hard,405,936.58544921875,2.1843615,0.3648323,1.0,0.0,25.0
random_hard,406,1295.9197998046875,2.4436376,0.17987993,1.0,0.0,37.0
random_hard,407,1338.0107421875,1.9948419,0.41326925,1.0,0.0,47.0
random_hard,408,2091.25341796875,2.9291096,0.2526375,1.0,0.0,58.0
random_hard,409,1074.9949951171875,1.5206423,0.50405836,1.0,0.0,41.0
random_hard,410,930.6097412109375,1.9869305,0.36309683,1.0,0.0,29.0
random_hard,411,1488.1295166015625,2.6205037,0.30733305,1.0,0.0,43.0
random_hard,412,793.1275634765625,1.0245775,0.68515974,1.0,0.0,36.0
random_hard,413,1076.8319091796875,1.4162431,0.64359885,1.0,0.0,55.0
random_hard,414,1001.7821655273438,2.5518544,0.42986542,1.0,0.0,23.0
random_hard,415,885.062255859375,1.3689264,0.54767084,1.0,0.0,42.0
random_hard,416,1019.0771484375,2.2855403,0.2109143,1.0,0.0,27.0
random_hard,417,1399.016357421875,1.7584189,0.42696023,1.0,0.0,50.0
random_hard,418,944.2794189453125,1.5646801,0.64813787,1.0,0.0,45.0
random_hard,419,1313.2857666015625,2.726391,0.3928825,1.0,0.0,34.0
random_hard,421,580.3649432111142,3.4302065,0.24573506,0.0,1.0,24.0
random_hard,422,1015.3963012695312,1.303039,0.5789213,1.0,0.0,51.0
random_hard,423,1443.808837890625,2.609255,0.3546036,1.0,0.0,43.0
random_hard,424,499.6990343976376,2.2985315,0.48384985,0.0,1.0,34.0
random_hard,425,1421.824462890625,1.6228205,0.55748725,1.0,0.0,62.0
random_hard,426,1184.391357421875,2.009116,0.3374243,1.0,0.0,41.0
random_hard,427,2084.18408203125,2.337241,0.39641485,1.0,0.0,78.0
random_hard,428,1026.3651123046875,2.703471,0.4341748,1.0,0.0,26.0
random_hard,429,1265.8218994140625,1.2737588,0.6455033,1.0,0.0,77.0
random_hard,430,805.1546630859375,1.3225588,0.5314977,1.0,0.0,30.0
random_hard,431,780.4188232421875,1.5057026,0.6326492,1.0,0.0,23.0
random_hard,432,1133.76953125,1.6712155,0.50590134,1.0,0.0,46.0
random_hard,433,1427.399169921875,2.665517,0.33852908,1.0,0.0,42.0
random_hard,434,1299.901611328125,2.5812232,0.35023078,1.0,0.0,37.0
random_hard,435,912.482666015625,1.0945835,0.6918927,1.0,0.0,46.0
random_hard,436,1190.7799072265625,2.3738186,0.39228338,1.0,0.0,36.0
random_hard,437,1431.9315185546875,3.0162628,0.19115807,1.0,0.0,35.0
random_hard,438,713.17529296875,1.8926374,0.52591914,1.0,0.0,19.0
random_hard,439,1018.6826171875,0.89061546,0.64709806,1.0,0.0,54.0
random_hard,441,921.3094482421875,1.799205,0.44783884,1.0,0.0,38.0
random_hard,442,1971.3878173828125,2.676392,0.25427803,1.0,0.0,59.0
random_hard,443,1975.2669677734375,1.9069266,0.41368845,1.0,0.0,78.0
random_hard,444,1727.2308349609375,2.9165232,0.16713424,1.0,0.0,46.0
random_hard,445,869.6612548828125,0.88185036,0.6821712,1.0,0.0,55.0
random_hard,446,1013.7963256835938,1.3414761,0.5103015,1.0,0.0,50.0
random_hard,447,1300.2198486328125,1.9782966,0.36637175,1.0,0.0,48.0
random_hard,448,-248.74936037775302,2.0261989,0.31089506,0.0,1.0,12.0
random_hard,449,1239.318603515625,1.1546879,0.48292732,1.0,0.0,63.0
random_hard,450,1601.285888671875,2.4496396,0.29226694,1.0,0.0,48.0
random_hard,451,866.867919921875,1.4484184,0.37444153,1.0,0.0,29.0
random_hard,452,1408.49072265625,1.9142725,0.31690624,1.0,0.0,49.0
random_hard,453,1338.497802734375,1.9460152,0.480612,1.0,0.0,47.0
random_hard,454,1349.28466796875,1.8266891,0.41859132,1.0,0.0,50.0
random_hard,455,1010.6002807617188,2.423933,0.46316558,1.0,0.0,28.0
random_hard,456,942.0135498046875,1.2659304,0.52549887,1.0,0.0,39.0
random_hard,457,1489.6207275390625,1.6307305,0.54445285,1.0,0.0,69.0
random_hard,458,1262.914794921875,1.989747,0.462129,1.0,0.0,47.0
random_hard,459,1150.87109375,1.6080283,0.38284886,1.0,0.0,47.0
random_hard,461,1004.582275390625,1.0998693,0.521812,1.0,0.0,49.0
random_hard,462,988.260986328125,2.1421862,0.1816404,1.0,0.0,28.0
random_hard,463,1130.3687744140625,2.5504575,0.30343652,1.0,0.0,28.0
random_hard,464,1728.2620849609375,2.1031725,0.38750273,1.0,0.0,60.0
random_hard,465,1737.8785400390625,2.1818185,0.46868125,1.0,0.0,64.0
random_hard,466,1601.7193603515625,2.607754,0.2582644,1.0,0.0,48.0
random_hard,467,1310.78369140625,2.8538046,0.36366925,1.0,0.0,31.0
random_hard,468,1112.000732421875,2.5646722,0.34543037,1.0,0.0,28.0
random_hard,469,1302.985107421875,2.8257396,0.37174973,1.0,0.0,32.0
random_hard,470,1111.6314697265625,1.9883703,0.549789,1.0,0.0,39.0
random_hard,471,766.7627563476562,1.3205408,0.3460015,1.0,0.0,26.0
random_hard,472,-299.758902842963,4.39742,0.48171338,0.0,1.0,2.0
random_hard,473,1123.05078125,1.655761,0.4651826,1.0,0.0,40.0
random_hard,474,766.2578125,1.7832186,0.29014188,1.0,0.0,20.0
random_hard,475,1589.149169921875,2.2279632,0.39540154,1.0,0.0,58.0
random_hard,476,1600.9810791015625,1.3860092,0.62259334,1.0,0.0,79.0
random_hard,477,1093.069091796875,1.963335,0.52796674,1.0,0.0,37.0
random_hard,478,880.1422119140625,1.4047054,0.60144144,1.0,0.0,44.0
random_hard,479,1031.520751953125,2.0118449,0.50239456,1.0,0.0,33.0
random_hard,481,-214.3137372088077,2.0420537,0.34125027,0.0,1.0,12.0
random_hard,482,1427.861572265625,2.9683394,0.17496078,1.0,0.0,36.0
random_hard,483,1206.84912109375,1.663864,0.46621096,1.0,0.0,54.0
random_hard,484,832.898193359375,2.404685,0.35747555,1.0,0.0,18.0
random_hard,485,1142.5372314453125,2.3468223,0.47730938,1.0,0.0,38.0
random_hard,486,1252.0120849609375,2.1231933,0.3200609,1.0,0.0,40.0
random_hard,487,897.1365356445312,1.5680625,0.23488027,1.0,0.0,31.0
random_hard,488,644.5637817382812,1.603208,0.3363958,1.0,0.0,14.0
random_hard,489,1144.467529296875,2.404371,0.43774098,1.0,0.0,30.0
random_hard,490,1509.7633056640625,2.0253081,0.32044184,1.0,0.0,55.0
random_hard,491,871.88623046875,1.3045646,0.3617935,1.0,0.0,30.0
random_hard,492,578.775390625,1.0855289,0.5552798,1.0,0.0,24.0
random_hard,493,1302.784423828125,2.320239,0.3041587,1.0,0.0,41.0
random_hard,494,921.916015625,2.052369,0.25412118,1.0,0.0,27.0
random_hard,495,913.61669921875,2.2496667,0.43705413,1.0,0.0,25.0
random_hard,496,1084.58154296875,2.6533267,0.34192643,1.0,0.0,26.0
random_hard,497,1165.07470703125,2.6653836,0.34761733,1.0,0.0,31.0
random_hard,498,1295.1580810546875,1.6726073,0.12998135,1.0,0.0,53.0
random_hard,499,867.6302490234375,1.7858281,0.17036316,1.0,0.0,25.0
random_hard,501,1935.8240966796875,2.5226207,0.26629496,1.0,0.0,60.0
random_hard,502,929.1472778320312,1.7213898,0.33348528,1.0,0.0,33.0
random_hard,503,970.9194946289062,1.6182597,0.49995658,1.0,0.0,34.0
random_hard,504,1038.103271484375,1.3322791,0.5115194,1.0,0.0,45.0
random_hard,505,585.9830322265625,1.4063946,0.2934998,1.0,0.0,12.0
random_hard,506,747.3648681640625,1.8913825,0.5965677,1.0,0.0,18.0
random_hard,507,1228.606201171875,2.8044662,0.3187236,1.0,0.0,31.0
random_hard,508,1146.5169677734375,1.331592,0.437892,1.0,0.0,55.0
random_hard,509,938.8409423828125,1.0743214,0.56740487,1.0,0.0,44.0
random_hard,510,1574.4134521484375,2.267829,0.39985278,1.0,0.0,52.0
random_hard,511,759.7313232421875,1.1655687,0.5019401,1.0,0.0,24.0
random_hard,512,836.9886474609375,2.5464454,0.4622634,1.0,0.0,20.0
random_hard,513,1356.898681640625,2.5992343,0.39519495,1.0,0.0,35.0
random_hard,514,1068.798583984375,1.8461661,0.35145628,1.0,0.0,38.0
random_hard,515,1569.1771240234375,1.9527144,0.36803615,1.0,0.0,58.0
random_hard,516,465.85368222478604,2.392081,0.1794755,0.0,1.0,27.0
random_hard,517,752.5116577148438,0.99440604,0.5900802,1.0,0.0,28.0
random_hard,518,265.42870969060635,2.969505,0.20658034,0.0,1.0,22.0
random_hard,519,1954.0997314453125,2.2490354,0.39310524,1.0,0.0,72.0
random_hard,521,1384.7210693359375,2.018418,0.35664687,1.0,0.0,49.0
random_hard,522,1229.675537109375,2.824252,0.25925937,1.0,0.0,31.0
random_hard,523,964.7430419921875,1.8914539,0.50184387,1.0,0.0,29.0
random_hard,524,723.0526568341611,1.9179838,0.47167453,0.0,1.0,63.0
random_hard,525,1312.3724365234375,1.3144096,0.47555247,1.0,0.0,63.0
random_hard,526,1185.752685546875,2.3270757,0.20673089,1.0,0.0,35.0
random_hard,527,1442.201904296875,2.7324793,0.16636533,1.0,0.0,38.0
random_hard,528,621.8944702148438,1.6091084,0.37086385,1.0,0.0,13.0
random_hard,529,831.472900390625,1.5387273,0.5724373,1.0,0.0,26.0
random_hard,530,858.9664916992188,2.6458552,0.3657507,1.0,0.0,19.0
random_hard,531,1054.9560546875,2.545397,0.4242565,1.0,0.0,26.0
random_hard,532,1242.56396484375,1.8515403,0.5680272,1.0,0.0,52.0
random_hard,533,852.8992309570312,1.1367148,0.6123754,1.0,0.0,39.0
random_hard,534,1639.0184326171875,3.3748434,0.13178557,1.0,0.0,38.0
random_hard,535,1115.6768798828125,2.3943849,0.37548068,1.0,0.0,31.0
random_hard,536,696.261474609375,1.9319776,0.5628293,1.0,0.0,18.0
random_hard,537,1262.576171875,2.2822657,0.27232355,1.0,0.0,35.0
random_hard,538,1034.8172607421875,2.3798862,0.46276924,1.0,0.0,27.0
random_hard,539,-102.93368654962802,2.585433,0.29737404,0.0,1.0,11.0
random_hard,541,1092.05322265625,2.3747075,0.2785469,1.0,0.0,28.0
random_hard,542,1248.09619140625,2.184253,0.3169407,1.0,0.0,43.0
random_hard,543,883.9577026367188,1.1200366,0.4232715,1.0,0.0,36.0
random_hard,544,1022.8860473632812,2.4449434,0.4750393,1.0,0.0,30.0
random_hard,545,792.0645141601562,1.3262131,0.6279349,1.0,0.0,30.0
random_hard,546,1219.194091796875,1.8827401,0.5001922,1.0,0.0,44.0
random_hard,547,901.4688720703125,1.7484928,0.41987368,1.0,0.0,31.0
random_hard,548,1083.13330078125,2.2653832,0.34441686,1.0,0.0,34.0
random_hard,549,1698.947265625,2.4832613,0.35816056,1.0,0.0,53.0
random_hard,550,-320.01428347345615,4.920944,0.30363292,0.0,1.0,2.0
random_hard,551,561.3192583966611,1.8713468,0.4088114,0.0,1.0,41.0
random_hard,552,1157.404296875,2.1763146,0.40509826,1.0,0.0,37.0
random_hard,553,1233.3583984375,2.3097653,0.32013726,1.0,0.0,38.0
random_hard,554,1157.568115234375,1.7266473,0.50431085,1.0,0.0,39.0
random_hard,555,1027.1539306640625,2.4069326,0.2919772,1.0,0.0,26.0
random_hard,556,887.025390625,1.0229466,0.5236572,1.0,0.0,46.0
random_hard,557,762.2879028320312,1.7218772,0.57845587,1.0,0.0,22.0
random_hard,558,1206.095703125,2.0883415,0.2581232,1.0,0.0,39.0
random_hard,559,865.0186157226562,1.9258778,0.5597426,1.0,0.0,28.0
random_hard,561,1107.0234375,1.7968521,0.5301565,1.0,0.0,38.0
random_hard,562,1333.5931396484375,1.69796,0.48078743,1.0,0.0,69.0
random_hard,563,946.3963623046875,1.3384353,0.6106929,1.0,0.0,38.0
random_hard,564,737.3455810546875,1.3195401,0.5331075,1.0,0.0,30.0
random_hard,565,942.993896484375,1.6887009,0.46412516,1.0,0.0,35.0
random_hard,566,1088.80322265625,2.5379403,0.24523641,1.0,0.0,28.0
random_hard,567,911.4323120117188,2.8852859,0.43537337,1.0,0.0,20.0
random_hard,568,1153.1640625,3.3793478,0.32594642,1.0,0.0,23.0
random_hard,569,1305.757568359375,1.7333093,0.46326178,1.0,0.0,49.0
random_hard,570,1146.3699951171875,2.7316265,0.46982354,1.0,0.0,28.0
random_hard,571,940.827880859375,1.994752,0.35675868,1.0,0.0,28.0
random_hard,572,124.74421567205167,2.0278327,0.5812764,0.0,1.0,19.0
random_hard,573,1162.271728515625,2.0869982,0.36077273,1.0,0.0,36.0
random_hard,574,1208.231689453125,2.8063536,0.21180832,1.0,0.0,29.0
random_hard,575,1071.576904296875,1.5097185,0.48960686,1.0,0.0,42.0
random_hard,576,930.3630981445312,1.7386231,0.52581877,1.0,0.0,34.0
random_hard,577,879.9259033203125,1.5029624,0.5375044,1.0,0.0,28.0
random_hard,578,1267.1761474609375,3.0280097,0.36127904,1.0,0.0,31.0
random_hard,579,-316.9385388445499,1.3200891,0.4677721,0.0,1.0,5.0
random_hard,581,1173.657958984375,1.288899,0.67965657,1.0,0.0,61.0
random_hard,582,1241.407470703125,1.9941268,0.41145182,1.0,0.0,44.0
random_hard,583,827.0894165039062,1.9801122,0.4217877,1.0,0.0,26.0
random_hard,584,1198.5738525390625,1.6160909,0.43441093,1.0,0.0,46.0
random_hard,585,1269.1083984375,2.0145233,0.31458697,1.0,0.0,47.0
random_hard,586,1167.720947265625,1.7302426,0.25758952,1.0,0.0,45.0
random_hard,587,1338.7109375,2.7256904,0.3032561,1.0,0.0,37.0
random_hard,588,588.5700671124814,2.9707248,0.2078669,0.0,1.0,28.0
random_hard,589,1302.8560791015625,1.9501715,0.33664083,1.0,0.0,47.0
random_hard,590,1034.421142578125,2.8743548,0.45793054,1.0,0.0,23.0
random_hard,591,702.6265258789062,1.3130652,0.60685515,1.0,0.0,43.0
random_hard,592,1270.0048828125,2.0891187,0.38141754,1.0,0.0,38.0
random_hard,593,1671.5501708984375,3.0628169,0.13636169,1.0,0.0,41.0
random_hard,594,1542.8455810546875,2.3822377,0.27786022,1.0,0.0,51.0
random_hard,595,1275.0474853515625,3.0508273,0.36232543,1.0,0.0,29.0
random_hard,596,594.5178833007812,0.94134194,0.3737882,1.0,0.0,18.0
random_hard,597,1211.64990234375,1.4550726,0.31856233,1.0,0.0,50.0
random_hard,598,1489.673583984375,2.6186512,0.401757,1.0,0.0,42.0
random_hard,599,1140.0838623046875,1.6105238,0.27702358,1.0,0.0,45.0
random_hard,601,1107.814208984375,2.7354853,0.41006395,1.0,0.0,27.0
random_hard,602,1317.541748046875,2.3971884,0.14840038,1.0,0.0,38.0
random_hard,603,1783.22509765625,2.5212195,0.32162386,1.0,0.0,59.0
random_hard,604,53.36302060369229,2.5837152,0.20978409,0.0,1.0,18.0
random_hard,605,1267.6904296875,1.852022,0.49017763,1.0,0.0,43.0
random_hard,606,1363.896484375,2.0447948,0.25019473,1.0,0.0,45.0
random_hard,607,1104.7391357421875,1.7058517,0.30955958,1.0,0.0,38.0
random_hard,608,1434.2757568359375,1.9088039,0.3630286,1.0,0.0,52.0
random_hard,609,1015.3295288085938,0.9392693,0.56759536,1.0,0.0,57.0
random_hard,610,252.45083493474698,2.69185,0.16709572,0.0,1.0,24.0
random_hard,611,989.0037841796875,1.541734,0.31884483,1.0,0.0,37.0
random_hard,612,1180.63671875,1.9803989,0.21514316,1.0,0.0,38.0
random_hard,613,1201.3792724609375,1.9508684,0.3191199,1.0,0.0,41.0
random_hard,614,1011.9583740234375,1.9516749,0.31980124,1.0,0.0,29.0
random_hard,615,1096.26318359375,1.7748704,0.3576206,1.0,0.0,38.0
random_hard,616,875.9688720703125,1.4951129,0.37047866,1.0,0.0,32.0
random_hard,617,1170.8856201171875,1.5529603,0.3306817,1.0,0.0,48.0
random_hard,618,884.0335693359375,1.9981755,0.5264515,1.0,0.0,24.0
random_hard,619,1019.2716064453125,1.5136267,0.35377952,1.0,0.0,38.0
random_hard,621,749.8236694335938,1.9622037,0.52498746,1.0,0.0,18.0
random_hard,622,676.0658569335938,1.2272961,0.2849851,1.0,0.0,20.0
random_hard,623,920.73779296875,2.691784,0.35955033,1.0,0.0,19.0
random_hard,624,761.0839233398438,2.376156,0.4257464,1.0,0.0,16.0
random_hard,625,791.4274291992188,1.0079479,0.35145542,1.0,0.0,32.0
random_hard,626,1206.492919921875,1.8846238,0.21880792,1.0,0.0,42.0
random_hard,627,790.3284301757812,1.8479469,0.36249232,1.0,0.0,21.0
random_hard,628,1142.310791015625,1.8848017,0.22670244,1.0,0.0,38.0
random_hard,629,1121.5633544921875,1.8198264,0.26808298,1.0,0.0,43.0
random_hard,630,906.1488037109375,1.5458215,0.45058972,1.0,0.0,27.0
random_hard,631,941.28076171875,1.4679542,0.16704288,1.0,0.0,38.0
random_hard,632,856.0950927734375,1.5352939,0.21168968,1.0,0.0,29.0
random_hard,633,1150.4937744140625,2.9926798,0.3522315,1.0,0.0,26.0
random_hard,634,1122.4161376953125,1.9443312,0.28458697,1.0,0.0,40.0
random_hard,635,826.8048095703125,1.6982139,0.40881634,1.0,0.0,23.0
random_hard,636,1392.0958251953125,2.3891213,0.16151553,1.0,0.0,41.0
random_hard,637,1078.5838623046875,1.948401,0.31620544,1.0,0.0,36.0
random_hard,638,1095.2314453125,1.8940005,0.25497916,1.0,0.0,37.0
random_hard,639,1194.696044921875,1.8515748,0.29567897,1.0,0.0,43.0
random_hard,641,181.6988360333798,2.413014,0.14051822,0.0,1.0,26.0
random_hard,642,692.3094482421875,1.0603034,0.35551554,1.0,0.0,26.0
random_hard,643,954.5593872070312,2.694626,0.34847438,0.0,0.0,31.0
