environment,worker,episode,return,mean_time_travel,success_rate,collision_rate
random_easy,0,1,-89.6934239176972,7.0,0.0,1.0
random_easy,0,2,-156.81647664654474,9.0,0.0,1.0
random_easy,0,3,-406.02597287747074,100.0,0.0,0.0
random_easy,0,4,-111.07353197636704,15.0,0.0,1.0
random_easy,0,5,-81.24584381751308,12.0,0.0,1.0
random_easy,0,6,-232.1837529324865,26.0,0.0,1.0
random_easy,0,7,-114.62201967247354,11.0,0.0,1.0
random_easy,0,8,253.10928329234605,27.0,1.0,0.0
random_easy,0,9,-70.77526979034246,6.0,0.0,1.0
random_easy,0,10,-90.93769719961645,42.0,0.0,1.0
random_easy,0,11,-41.158362883558,36.0,0.0,1.0
random_easy,0,12,-210.58053344318145,29.0,0.0,1.0
random_easy,0,13,-154.0631617201368,21.0,0.0,1.0
random_easy,0,14,-117.3257290126659,28.0,0.0,1.0
random_easy,0,15,6.635891817988565,62.0,0.0,1.0
random_easy,0,16,-80.586863819445,5.0,0.0,1.0
random_easy,0,17,-0.49730689806811057,11.0,0.0,1.0
random_easy,0,18,-276.07130310494017,100.0,0.0,0.0
random_easy,0,19,-107.95434799701488,63.0,0.0,1.0
random_easy,0,20,112.5200681964397,18.0,0.0,1.0
random_easy,0,21,-168.92109550697083,35.0,0.0,1.0
random_easy,0,22,-68.21817661389429,58.0,0.0,1.0
random_easy,0,23,-189.15589150723468,49.0,0.0,1.0
random_easy,0,24,-245.92257251685916,16.0,0.0,1.0
random_easy,0,25,-267.44024390101663,100.0,0.0,0.0
random_easy,0,26,-113.49428500993949,33.0,0.0,1.0
random_easy,0,27,-99.98628165552756,19.0,0.0,1.0
random_easy,0,28,-75.56890542614548,71.0,0.0,1.0
random_easy,0,29,-45.23907041492011,100.0,0.0,0.0
random_easy,0,30,-75.12868977941497,100.0,0.0,0.0
random_easy,0,31,-56.66978434880586,100.0,0.0,0.0
random_easy,0,32,-56.61274418220275,100.0,0.0,0.0
random_easy,0,33,-56.94031068761283,100.0,0.0,0.0
random_easy,0,34,-65.60490376203418,100.0,0.0,0.0
random_easy,0,35,-51.963887629230804,100.0,0.0,0.0
random_easy,0,36,-51.38612551839954,100.0,0.0,0.0
random_easy,0,37,-52.585700184622034,100.0,0.0,0.0
random_easy,0,38,-48.92178019197486,100.0,0.0,0.0
random_easy,0,39,-47.61964534033584,100.0,0.0,0.0
random_easy,0,40,-55.197442524434436,100.0,0.0,0.0
random_easy,0,41,-46.925031668472876,100.0,0.0,0.0
random_easy,0,42,-48.06813848312425,100.0,0.0,0.0
random_easy,0,43,-46.73145858501865,100.0,0.0,0.0
random_easy,0,44,-54.506282032624746,100.0,0.0,0.0
random_easy,0,45,-58.57127116218953,100.0,0.0,0.0
random_easy,0,46,-42.45545510559558,100.0,0.0,0.0
random_easy,0,47,-34.64226882656247,100.0,0.0,0.0
random_easy,0,48,-50.43152704638468,100.0,0.0,0.0
random_easy,0,49,16.8911137145532,100.0,0.0,0.0
random_easy,0,50,-112.49962315254953,100.0,0.0,0.0
random_easy,0,51,-43.50446933915832,100.0,0.0,0.0
random_easy,0,52,-54.319853231578946,100.0,0.0,0.0
random_easy,0,53,-6.206683619857699,100.0,0.0,0.0
random_easy,0,54,-60.76768261285972,100.0,0.0,0.0
random_easy,0,55,-79.28070322174098,100.0,0.0,0.0
random_easy,0,56,-12.098421164211636,100.0,0.0,0.0
random_easy,0,57,-41.5042499257277,100.0,0.0,0.0
random_easy,0,58,-53.33853310234192,100.0,0.0,0.0
random_easy,0,59,-57.09898546794099,100.0,0.0,0.0
random_easy,0,60,-23.657072048883954,100.0,0.0,0.0
random_easy,0,61,21.8716773482399,100.0,0.0,0.0
random_easy,0,62,-31.072704197281645,100.0,0.0,0.0
random_easy,0,63,-45.526402797994514,100.0,0.0,0.0
random_easy,0,64,-53.61802742282851,100.0,0.0,0.0
random_easy,0,65,-70.22783615284843,100.0,0.0,0.0
random_easy,0,66,61.12511247903795,100.0,0.0,0.0
random_easy,0,67,-65.23721457678677,100.0,0.0,0.0
random_easy,0,68,-127.94587301036512,100.0,0.0,0.0
random_easy,0,69,-51.908552879043754,100.0,0.0,0.0
random_easy,0,70,-68.5087469876381,100.0,0.0,0.0
random_easy,0,71,-43.792040339252054,100.0,0.0,0.0
random_easy,0,72,-16.530336978339037,100.0,0.0,0.0
random_easy,0,73,-38.1925263526967,100.0,0.0,0.0
random_easy,0,74,-51.290123466065474,100.0,0.0,0.0
random_easy,0,75,-38.828215261879805,100.0,0.0,0.0
random_easy,0,76,-49.83560676349795,100.0,0.0,0.0
random_easy,0,77,-52.751919533476425,100.0,0.0,0.0
random_easy,0,78,-56.61913949630177,100.0,0.0,0.0
random_easy,0,79,-37.65873236282499,100.0,0.0,0.0
random_easy,0,80,-48.03014178198193,100.0,0.0,0.0
random_easy,0,81,-52.09889638876279,100.0,0.0,0.0
random_easy,0,82,-54.57584515875215,100.0,0.0,0.0
random_easy,0,83,-48.50379601013009,100.0,0.0,0.0
random_easy,0,84,-55.211449285091554,100.0,0.0,0.0
random_easy,0,85,-54.81701387897745,100.0,0.0,0.0
random_easy,0,86,-62.31144470486586,100.0,0.0,0.0
random_easy,0,87,-56.59020654852174,100.0,0.0,0.0
random_easy,0,88,-39.96427139925386,100.0,0.0,0.0
random_easy,0,89,-47.42961503184438,100.0,0.0,0.0
random_easy,0,90,-50.596257716287276,100.0,0.0,0.0
random_easy,0,91,-55.93507351848795,100.0,0.0,0.0
random_easy,0,92,-49.34904013910549,100.0,0.0,0.0
random_easy,0,93,-69.0328906204838,6.0,0.0,1.0
random_easy,0,94,-48.41099486442515,100.0,0.0,0.0
random_easy,0,95,61.87004466992284,60.0,1.0,0.0
random_easy,0,96,-70.6249743779824,100.0,0.0,0.0
random_easy,0,97,-20.91334292024943,100.0,0.0,0.0
random_easy,0,98,-36.15300985460909,100.0,0.0,0.0
random_easy,0,99,-0.9870886055749963,100.0,0.0,0.0
random_easy,0,100,-47.15065831517645,100.0,0.0,0.0
random_easy,0,101,-37.116829174868165,100.0,0.0,0.0
random_easy,0,102,-43.236165885038496,100.0,0.0,0.0
random_easy,0,103,-37.17313702283436,100.0,0.0,0.0
random_easy,0,104,-49.63001069455706,100.0,0.0,0.0
random_easy,0,105,-50.66892276278781,100.0,0.0,0.0
random_easy,0,106,-102.16157662175905,100.0,0.0,0.0
random_easy,0,107,-115.25739283402154,100.0,0.0,0.0
random_easy,0,108,-44.417383886655365,100.0,0.0,0.0
random_easy,0,109,-94.04191586155446,100.0,0.0,0.0
random_easy,0,110,-39.296613448257304,100.0,0.0,0.0
random_easy,0,111,-51.15655670081933,100.0,0.0,0.0
random_easy,0,112,-47.122197759811115,100.0,0.0,0.0
random_easy,0,113,-53.77552613812014,100.0,0.0,0.0
random_easy,0,114,-80.96719529980106,100.0,0.0,0.0
random_easy,0,115,-55.61333089626178,100.0,0.0,0.0
random_easy,0,116,-120.97305625361321,100.0,0.0,0.0
random_easy,0,117,-28.168099587115453,100.0,0.0,0.0
random_easy,0,118,-59.06329518480574,6.0,0.0,1.0
random_easy,0,119,-44.053259416468066,100.0,0.0,0.0
random_easy,0,120,-46.54162082645923,100.0,0.0,0.0
random_easy,0,121,-51.52475690853235,15.0,0.0,1.0
random_easy,0,122,-69.35339893592126,100.0,0.0,0.0
random_easy,0,123,-38.50213074263179,100.0,0.0,0.0
random_easy,0,124,-98.3505122735564,100.0,0.0,0.0
random_easy,0,125,-44.108301863949286,100.0,0.0,0.0
random_easy,0,126,-6.865661886082769,100.0,0.0,0.0
random_easy,0,127,-27.71599452725537,100.0,0.0,0.0
random_easy,0,128,-43.470133084276824,100.0,0.0,0.0
random_easy,0,129,-92.04669794766198,100.0,0.0,0.0
random_easy,0,130,-49.793058086612184,100.0,0.0,0.0
random_easy,0,131,-56.668628015310624,100.0,0.0,0.0
random_easy,0,132,-65.03576874941072,100.0,0.0,0.0
random_easy,0,133,-46.366520157811806,100.0,0.0,0.0
random_easy,0,134,-53.83115003788303,100.0,0.0,0.0
random_easy,0,135,-33.890893725830104,100.0,0.0,0.0
random_easy,0,136,-49.91627637850126,55.0,0.0,1.0
random_easy,0,137,-99.54046253779683,100.0,0.0,0.0
random_easy,0,138,-45.680805151154225,100.0,0.0,0.0
random_easy,0,139,-39.90599050199427,100.0,0.0,0.0
random_easy,0,140,-92.14806604343079,93.0,0.0,1.0
random_easy,0,141,-58.20638560483477,100.0,0.0,0.0
random_easy,0,142,-98.22107332539655,100.0,0.0,0.0
random_easy,0,143,-40.38489844165339,100.0,0.0,0.0
random_easy,0,144,-49.7622980700063,100.0,0.0,0.0
random_easy,0,145,-56.02427674595623,6.0,0.0,1.0
random_easy,0,146,157.5422856647388,50.0,1.0,0.0
random_easy,0,147,-74.47017512037745,100.0,0.0,0.0
random_easy,0,148,-38.73529195035994,100.0,0.0,0.0
random_easy,0,149,-56.388038857693815,100.0,0.0,0.0
random_easy,0,150,-134.9106777320562,100.0,0.0,0.0
random_easy,0,151,-76.08088502601865,100.0,0.0,0.0
random_easy,0,152,-33.78558999816201,100.0,0.0,0.0
random_easy,0,153,-44.33701130381346,100.0,0.0,0.0
random_easy,0,154,-66.9225981766916,10.0,0.0,1.0
random_easy,0,155,-90.73171798799649,100.0,0.0,0.0
random_easy,0,156,-71.52385550705046,100.0,0.0,0.0
random_easy,0,157,-52.202523766730295,100.0,0.0,0.0
random_easy,0,158,-92.05871083590634,100.0,0.0,0.0
random_easy,0,159,-27.37024367093801,100.0,0.0,0.0
random_easy,0,160,-36.346191928030386,100.0,0.0,0.0
random_easy,0,161,-51.232764732139934,100.0,0.0,0.0
random_easy,0,162,-56.66257730316651,6.0,0.0,1.0
random_easy,0,163,-62.842993084144055,8.0,0.0,1.0
random_easy,0,164,-48.89882491381231,100.0,0.0,0.0
random_easy,0,165,-49.5520211380482,100.0,0.0,0.0
random_easy,0,166,-48.11104719839682,100.0,0.0,0.0
random_easy,0,167,10.060268795388623,100.0,0.0,0.0
random_easy,0,168,-82.17047786721253,100.0,0.0,0.0
random_easy,0,169,-54.867841493759094,100.0,0.0,0.0
random_easy,0,170,-45.502256134550585,100.0,0.0,0.0
random_easy,0,171,-46.303040261286945,100.0,0.0,0.0
random_easy,0,172,-52.93737273501615,100.0,0.0,0.0
random_easy,0,173,-46.69673090743258,100.0,0.0,0.0
random_easy,0,174,-59.238259630605974,100.0,0.0,0.0
random_easy,0,175,-27.872578753644554,100.0,0.0,0.0
random_easy,0,176,-91.02362824485334,100.0,0.0,0.0
random_easy,0,177,-52.245898597811745,100.0,0.0,0.0
random_easy,0,178,-56.79297958340703,100.0,0.0,0.0
random_easy,0,179,-50.183804258705166,100.0,0.0,0.0
random_easy,0,180,-44.28255546882186,100.0,0.0,0.0
random_easy,0,181,-16.280864895239553,100.0,0.0,0.0
random_easy,0,182,-46.22362141439107,100.0,0.0,0.0
random_easy,0,183,-54.635778494631374,100.0,0.0,0.0
random_easy,0,184,-72.29290475333192,19.0,0.0,1.0
random_easy,0,185,-48.682396319337506,100.0,0.0,0.0
random_easy,0,186,-66.6591757009927,100.0,0.0,0.0
random_easy,0,187,-55.77852882727253,31.0,0.0,1.0
random_easy,0,188,-44.75883747908205,100.0,0.0,0.0
random_easy,0,189,-119.50841609618827,100.0,0.0,0.0
random_easy,0,190,-46.596817074573536,100.0,0.0,0.0
random_easy,0,191,-47.40778538461889,100.0,0.0,0.0
random_easy,0,192,-48.32135846700512,100.0,0.0,0.0
random_easy,0,193,-24.98348659527663,100.0,0.0,0.0
random_easy,0,194,-53.696991047374496,100.0,0.0,0.0
random_easy,0,195,-35.525748617090386,100.0,0.0,0.0
random_easy,0,196,-42.298461936122024,100.0,0.0,0.0
random_easy,0,197,-64.67774302425582,100.0,0.0,0.0
random_easy,0,198,-22.61454228086102,100.0,0.0,0.0
random_easy,0,199,-44.56879788592462,100.0,0.0,0.0
random_easy,0,200,-64.83525898146398,100.0,0.0,0.0
random_easy,0,201,-42.28166463694745,100.0,0.0,0.0
random_easy,0,202,-47.315805226980515,100.0,0.0,0.0
random_easy,0,203,-25.038655022411568,100.0,0.0,0.0
random_easy,0,204,-29.15006410989713,100.0,0.0,0.0
random_easy,0,205,-51.804545359746776,100.0,0.0,0.0
random_easy,0,206,-66.70602636594319,92.0,0.0,1.0
random_easy,0,207,-64.80706360756133,100.0,0.0,0.0
random_easy,0,208,-60.149324042950525,69.0,0.0,1.0
random_easy,0,209,-31.8305296403959,100.0,0.0,0.0
random_easy,0,210,79.10463427788461,7.0,1.0,0.0
random_easy,0,211,-51.63914916642301,100.0,0.0,0.0
random_easy,0,212,-51.879118940925,100.0,0.0,0.0
random_easy,0,213,-50.34334137198492,100.0,0.0,0.0
random_easy,0,214,-74.80824399684636,6.0,0.0,1.0
random_easy,0,215,-37.75045819395724,100.0,0.0,0.0
random_easy,0,216,4.331089926628955,100.0,0.0,0.0
random_easy,0,217,-48.9370543504902,100.0,0.0,0.0
random_easy,0,218,-48.43469985836164,100.0,0.0,0.0
random_easy,0,219,-49.75673440050736,100.0,0.0,0.0
random_easy,0,220,-49.37847518834756,57.0,0.0,1.0
random_easy,0,221,84.59021415278286,8.0,1.0,0.0
random_easy,0,222,-9.752881841560459,100.0,0.0,0.0
random_easy,0,223,25.91363342306974,100.0,0.0,0.0
random_easy,0,224,-45.264885561374406,100.0,0.0,0.0
random_easy,0,225,-50.506942346659066,100.0,0.0,0.0
random_easy,0,226,-50.780912101259496,100.0,0.0,0.0
random_easy,0,227,-56.43071905643778,100.0,0.0,0.0
random_easy,0,228,15.985049098073787,100.0,0.0,0.0
random_easy,0,229,-55.34604702749991,100.0,0.0,0.0
random_easy,0,230,-54.23523683201081,100.0,0.0,0.0
random_easy,0,231,-55.2099365743863,32.0,0.0,1.0
random_easy,0,232,-26.64289637668967,100.0,0.0,0.0
random_easy,0,233,-58.16898689169555,100.0,0.0,0.0
random_easy,0,234,-51.51573642609448,100.0,0.0,0.0
random_easy,0,235,-57.88015861545457,43.0,0.0,1.0
random_easy,0,236,-92.86042178940963,62.0,0.0,1.0
random_easy,0,237,-45.863069165614,100.0,0.0,0.0
random_easy,0,238,-60.71317978117334,100.0,0.0,0.0
random_easy,0,239,-80.48206080427641,100.0,0.0,0.0
random_easy,0,240,-20.54230529765222,100.0,0.0,0.0
random_easy,0,241,-53.42170843707992,100.0,0.0,0.0
random_easy,0,242,-49.57025980283561,100.0,0.0,0.0
random_easy,0,243,-52.41789132245169,100.0,0.0,0.0
random_easy,0,244,-49.97143016859303,100.0,0.0,0.0
random_easy,0,245,-69.84786123199164,100.0,0.0,0.0
random_easy,0,246,-55.02698331070391,100.0,0.0,0.0
random_easy,0,247,-65.11213892308854,100.0,0.0,0.0
random_easy,0,248,-22.761793729343673,100.0,0.0,0.0
random_easy,0,249,-65.31739597890869,5.0,0.0,1.0
random_easy,0,250,-48.09772888397308,51.0,0.0,1.0
random_easy,0,251,-44.114358076666385,100.0,0.0,0.0
random_easy,0,252,-45.73697995590402,100.0,0.0,0.0
random_easy,0,253,-54.94018889943181,100.0,0.0,0.0
random_easy,0,254,-53.679914795631646,100.0,0.0,0.0
random_easy,0,255,-50.4911666287441,100.0,0.0,0.0
random_easy,0,256,-52.17560817572716,100.0,0.0,0.0
random_easy,0,257,-42.9938473532736,100.0,0.0,0.0
random_easy,0,258,-56.91481005841882,100.0,0.0,0.0
random_easy,0,259,-65.45414983280128,100.0,0.0,0.0
random_easy,0,260,-55.02573440723909,100.0,0.0,0.0
random_easy,0,261,-65.86770622282947,100.0,0.0,0.0
random_easy,0,262,-73.16275594395248,6.0,0.0,1.0
random_easy,0,263,-54.15202342521262,6.0,0.0,1.0
random_easy,0,264,-37.61434979645282,100.0,0.0,0.0
random_easy,0,265,-12.979446762179968,100.0,0.0,0.0
random_easy,0,266,-46.50929565099075,100.0,0.0,0.0
random_easy,0,267,-55.58382460209646,100.0,0.0,0.0
random_easy,0,268,-40.7879736253528,100.0,0.0,0.0
random_easy,0,269,-55.442475207913766,100.0,0.0,0.0
random_easy,0,270,-55.186813553704326,100.0,0.0,0.0
random_easy,0,271,-54.15601265084411,100.0,0.0,0.0
random_easy,0,272,-32.69186782149545,100.0,0.0,0.0
random_easy,0,273,-70.27266025186908,100.0,0.0,0.0
random_easy,0,274,-40.71010600609912,100.0,0.0,0.0
random_easy,0,275,-43.502693146034574,100.0,0.0,0.0
random_easy,0,276,-20.03072149971095,100.0,0.0,0.0
random_easy,0,277,-46.91322964749658,100.0,0.0,0.0
random_easy,0,278,-43.60347795959928,100.0,0.0,0.0
random_easy,0,279,-51.5372434731411,100.0,0.0,0.0
random_easy,0,280,-27.090055199286407,100.0,0.0,0.0
random_easy,0,281,-50.68033414283968,100.0,0.0,0.0
random_easy,0,282,-92.22647177002031,100.0,0.0,0.0
random_easy,0,283,-27.235902038472787,100.0,0.0,0.0
random_easy,0,284,-10.397492926022458,100.0,0.0,0.0
random_easy,0,285,-74.15007118242244,53.0,0.0,1.0
random_easy,0,286,-53.30650128085363,100.0,0.0,0.0
random_easy,0,287,-56.574288453703,15.0,0.0,1.0
random_easy,0,288,111.43558109178203,38.0,1.0,0.0
random_easy,0,289,158.25146217471388,71.0,1.0,0.0
random_easy,0,290,-70.15532892984456,31.0,0.0,1.0
random_easy,0,291,-52.93390958125569,100.0,0.0,0.0
random_easy,0,292,-71.99244979756128,35.0,0.0,1.0
random_easy,0,293,-44.74020692706773,100.0,0.0,0.0
random_easy,0,294,-44.16831272045901,100.0,0.0,0.0
random_easy,0,295,0.9138545624384804,100.0,0.0,0.0
random_easy,0,296,-53.342861524707146,100.0,0.0,0.0
random_easy,0,297,129.32279423984653,47.0,1.0,0.0
random_easy,0,298,-49.207156880104286,100.0,0.0,0.0
random_easy,0,299,-86.79353768547904,100.0,0.0,0.0
random_easy,0,300,128.10534151911872,82.0,1.0,0.0
random_easy,0,301,-57.32588106529198,11.0,0.0,1.0
random_easy,0,302,-59.228379381267544,53.0,0.0,1.0
random_easy,0,303,-84.38250911653527,50.0,0.0,1.0
random_easy,0,304,-1.6442862675198526,81.0,0.0,1.0
random_easy,0,305,-65.28157337139214,100.0,0.0,0.0
random_easy,0,306,-55.70777136471218,51.0,0.0,1.0
random_easy,0,307,90.49463627508884,60.0,1.0,0.0
random_easy,0,308,-58.034038342478986,100.0,0.0,0.0
random_easy,0,309,-55.11546580765162,5.0,0.0,1.0
random_easy,0,310,-36.48649282369098,100.0,0.0,0.0
random_easy,0,311,-74.03057847820894,100.0,0.0,0.0
random_easy,0,312,-43.98014350012483,15.0,0.0,1.0
random_easy,0,313,-52.67227677934175,100.0,0.0,0.0
random_easy,0,314,-48.3541322274297,100.0,0.0,0.0
random_easy,0,315,-52.08218593759816,100.0,0.0,0.0
random_easy,0,316,-124.48751623815066,89.0,0.0,1.0
random_easy,0,317,-50.82035608159087,100.0,0.0,0.0
random_easy,0,318,-93.54411007866193,100.0,0.0,0.0
random_easy,0,319,-69.97183321414325,100.0,0.0,0.0
random_easy,0,320,-36.461682798412504,100.0,0.0,0.0
random_easy,0,321,-10.302788207627366,100.0,0.0,0.0
random_easy,0,322,-45.76760986785224,100.0,0.0,0.0
random_easy,0,323,-33.113991516436506,100.0,0.0,0.0
random_easy,0,324,1.3888957128482318,100.0,0.0,0.0
random_easy,0,325,-90.86524670067183,100.0,0.0,0.0
random_easy,0,326,-116.93081796910617,100.0,0.0,0.0
random_easy,0,327,-46.908751958653156,100.0,0.0,0.0
random_easy,0,328,-57.49827112705154,23.0,0.0,1.0
random_easy,0,329,18.561595580802447,100.0,0.0,0.0
random_easy,0,330,-13.224157108197439,44.0,0.0,1.0
random_easy,0,331,-89.33954467078026,100.0,0.0,0.0
random_easy,0,332,-132.0267432892369,100.0,0.0,0.0
random_easy,0,333,-31.053656982457806,100.0,0.0,0.0
random_easy,0,334,-35.246625076181765,100.0,0.0,0.0
random_easy,0,335,-87.33842413636515,11.0,0.0,1.0
random_easy,0,336,-55.73796973957192,7.0,0.0,1.0
random_easy,0,337,-49.07599527421743,100.0,0.0,0.0
random_easy,0,338,-89.05684671391364,100.0,0.0,0.0
random_easy,0,339,-9.168673360483986,100.0,0.0,0.0
random_easy,0,340,-93.50045998631438,19.0,0.0,1.0
random_easy,0,341,-30.41963247998624,100.0,0.0,0.0
random_easy,0,342,-97.41705290409739,100.0,0.0,0.0
random_easy,0,343,-43.8754006781549,100.0,0.0,0.0
random_easy,0,344,-134.8753123012712,45.0,0.0,1.0
random_easy,0,345,-50.85833388771422,100.0,0.0,0.0
random_easy,0,346,-13.769771718538088,100.0,0.0,0.0
random_easy,0,347,48.2267513275758,100.0,0.0,0.0
random_easy,0,348,-14.842633969463193,100.0,0.0,0.0
random_easy,0,349,-101.91015296072948,100.0,0.0,0.0
random_easy,0,350,56.67159658660026,100.0,0.0,0.0
random_easy,0,351,-112.40628918897616,100.0,0.0,0.0
random_easy,0,352,-54.81262845990708,48.0,0.0,1.0
random_easy,0,353,-47.33939089412469,20.0,0.0,1.0
random_easy,0,354,-82.90460735741287,100.0,0.0,0.0
random_easy,0,355,-66.40889852962442,6.0,0.0,1.0
random_easy,0,356,-131.26534814144446,100.0,0.0,0.0
random_easy,0,357,-53.94392711042814,100.0,0.0,0.0
random_easy,0,358,-74.32602947300029,85.0,0.0,1.0
random_easy,0,359,-126.60791946944158,57.0,0.0,1.0
random_easy,0,360,-48.87466464187881,100.0,0.0,0.0
random_easy,0,361,-78.10562109310253,100.0,0.0,0.0
random_easy,0,362,-52.78775530846804,100.0,0.0,0.0
random_easy,0,363,-53.20117773698463,100.0,0.0,0.0
random_easy,0,364,-53.752274545824044,100.0,0.0,0.0
random_easy,0,365,-121.09118203624116,35.0,0.0,1.0
random_easy,0,366,-176.9010734475595,100.0,0.0,0.0
random_easy,0,367,-52.149959319492204,100.0,0.0,0.0
random_easy,0,368,-88.53330773609466,80.0,0.0,1.0
random_easy,0,369,-52.36639681228425,100.0,0.0,0.0
random_easy,0,370,-44.8183183847976,100.0,0.0,0.0
random_easy,0,371,-137.5315495202285,100.0,0.0,0.0
random_easy,0,372,-76.6295290715538,6.0,0.0,1.0
random_easy,0,373,-77.53583006426715,56.0,0.0,1.0
random_easy,0,374,-77.19710501430819,6.0,0.0,1.0
random_easy,0,375,-11.91642485826275,100.0,0.0,0.0
random_easy,0,376,-49.360812222048125,100.0,0.0,0.0
random_easy,0,377,-47.68100003814249,100.0,0.0,0.0
random_easy,0,378,59.79263903060014,100.0,0.0,0.0
random_easy,0,379,-135.91513771830975,100.0,0.0,0.0
random_easy,0,380,-131.47064007996616,100.0,0.0,0.0
random_easy,0,381,-87.41750202714167,9.0,0.0,1.0
random_easy,0,382,-131.03309185302413,100.0,0.0,0.0
random_easy,0,383,-4.650161814236064,57.0,0.0,1.0
random_easy,0,384,-107.48709927893196,58.0,0.0,1.0
random_easy,0,385,-78.99522288614617,100.0,0.0,0.0
random_easy,0,386,-67.22574812794709,100.0,0.0,0.0
random_easy,0,387,-52.29303638915354,100.0,0.0,0.0
random_easy,0,388,-46.42405804164435,100.0,0.0,0.0
random_easy,0,389,-91.50185590558155,39.0,0.0,1.0
random_easy,0,390,-130.52282096487366,50.0,0.0,1.0
random_easy,0,391,82.98193372255926,100.0,0.0,0.0
random_easy,0,392,-80.9523761081258,7.0,0.0,1.0
random_easy,0,393,-101.798419298888,20.0,0.0,1.0
random_easy,0,394,-39.457461865843605,100.0,0.0,0.0
random_easy,0,395,-79.99300573420405,100.0,0.0,0.0
random_easy,0,396,-29.29202295083043,100.0,0.0,0.0
random_easy,0,397,105.46899462310228,28.0,1.0,0.0
random_easy,0,398,-130.21758729824248,100.0,0.0,0.0
random_easy,0,399,-870.7243208454223,100.0,0.0,0.0
random_easy,0,400,-38.59301935025846,100.0,0.0,0.0
random_easy,0,401,-68.35693471850551,5.0,0.0,1.0
random_easy,0,402,-77.14382077168477,100.0,0.0,0.0
random_easy,0,403,-44.97526396603875,100.0,0.0,0.0
random_easy,0,404,-66.21274220567528,100.0,0.0,0.0
random_easy,0,405,-76.245040573453,100.0,0.0,0.0
random_easy,0,406,-101.28404189603893,20.0,0.0,1.0
random_easy,0,407,-58.595993052489646,100.0,0.0,0.0
random_easy,0,408,-76.7982135891166,6.0,0.0,1.0
random_easy,0,409,-87.65314678771355,9.0,0.0,1.0
random_easy,0,410,-123.11816992314874,95.0,0.0,1.0
random_easy,0,411,-94.21012248021702,10.0,0.0,1.0
random_easy,0,412,-87.82642912241411,100.0,0.0,0.0
random_easy,0,413,-54.69599086425229,100.0,0.0,0.0
random_easy,0,414,139.98996915663918,65.0,1.0,0.0
random_easy,0,415,-80.54801193272064,74.0,0.0,1.0
random_easy,0,416,-55.437376241142054,13.0,0.0,1.0
random_easy,0,417,-34.43325640774342,100.0,0.0,0.0
random_easy,0,418,-52.10223880842445,100.0,0.0,0.0
random_easy,0,419,-60.104486442008145,100.0,0.0,0.0
random_easy,0,420,-67.71603445253336,100.0,0.0,0.0
random_easy,0,421,-47.957418372172356,100.0,0.0,0.0
random_easy,0,422,-88.50531021185716,20.0,0.0,1.0
random_easy,0,423,-30.31094923965274,100.0,0.0,0.0
random_easy,0,424,32.993225278604825,100.0,0.0,0.0
random_easy,0,425,1.0188133360326859,100.0,0.0,0.0
random_easy,0,426,-60.898660464550524,100.0,0.0,0.0
random_easy,0,427,12.883131505851715,100.0,0.0,0.0
random_easy,0,428,-53.54046018784885,100.0,0.0,0.0
random_easy,0,429,-118.07959552452768,100.0,0.0,0.0
random_easy,0,430,-140.44939775054038,70.0,0.0,1.0
random_easy,0,431,-70.54416498805752,12.0,0.0,1.0
random_easy,0,432,30.491265132126912,100.0,0.0,0.0
random_easy,0,433,-86.67990251739442,47.0,0.0,1.0
random_easy,0,434,-56.72093183087927,7.0,0.0,1.0
random_easy,0,435,-0.897418855661158,100.0,0.0,0.0
random_easy,0,436,-254.69712130976873,69.0,0.0,1.0
random_easy,0,437,-42.40346295031797,8.0,0.0,1.0
random_easy,0,438,-72.26176458713996,100.0,0.0,0.0
random_easy,0,439,-62.68086436887291,7.0,0.0,1.0
random_easy,0,440,-65.41805362666541,74.0,0.0,1.0
random_easy,0,441,104.71239267578531,77.0,1.0,0.0
random_easy,0,442,-68.8615271377484,7.0,0.0,1.0
random_easy,0,443,-81.36195617958168,9.0,0.0,1.0
random_easy,0,444,-87.432889628726,93.0,0.0,1.0
random_easy,0,445,-54.89935292287255,100.0,0.0,0.0
random_easy,0,446,-61.133350014605185,100.0,0.0,0.0
random_easy,0,447,-16.24283017105855,100.0,0.0,0.0
random_easy,0,448,-61.518581474642666,100.0,0.0,0.0
random_easy,0,449,-80.41207720484827,100.0,0.0,0.0
random_easy,0,450,-0.42986343682540706,100.0,0.0,0.0
random_easy,0,451,-39.91968178162253,100.0,0.0,0.0
random_easy,0,452,-29.65261797837375,100.0,0.0,0.0
random_easy,0,453,-84.58535313485964,60.0,0.0,1.0
random_easy,0,454,-94.21985480382757,100.0,0.0,0.0
random_easy,0,455,-75.66941495607375,47.0,0.0,1.0
random_easy,0,456,-80.0842553864162,50.0,0.0,1.0
random_easy,0,457,-75.30306434876843,64.0,0.0,1.0
random_easy,0,458,98.44481727186951,22.0,1.0,0.0
random_easy,0,459,-94.04111603971253,100.0,0.0,0.0
random_easy,0,460,-63.805886198832994,100.0,0.0,0.0
random_easy,0,461,-135.32443594111223,87.0,0.0,1.0
random_easy,0,462,-9.382272077004508,100.0,0.0,0.0
random_easy,0,463,-65.93896126590715,100.0,0.0,0.0
random_easy,0,464,-58.48548882902135,6.0,0.0,1.0
random_easy,0,465,-55.154740643655295,100.0,0.0,0.0
random_easy,0,466,108.06398316967548,96.0,1.0,0.0
random_easy,0,467,-102.3430359594472,27.0,0.0,1.0
random_easy,0,468,-250.43930153753573,100.0,0.0,0.0
random_easy,0,469,-46.631094518883415,100.0,0.0,0.0
random_easy,0,470,-29.562066021487922,100.0,0.0,0.0
random_easy,0,471,-66.8878385034302,100.0,0.0,0.0
random_easy,0,472,-45.82509454787875,100.0,0.0,0.0
random_easy,0,473,-47.93763594124359,100.0,0.0,0.0
random_easy,0,474,-48.49547372428754,100.0,0.0,0.0
random_easy,0,475,-34.12042312532488,100.0,0.0,0.0
random_easy,0,476,-96.04819447296036,100.0,0.0,0.0
random_easy,0,477,-28.573162188945073,100.0,0.0,0.0
random_easy,0,478,-52.203126727124314,100.0,0.0,0.0
random_easy,0,479,-52.134109796700216,100.0,0.0,0.0
random_easy,0,480,-57.443459921769374,6.0,0.0,1.0
random_easy,0,481,-44.815343895981975,100.0,0.0,0.0
random_easy,0,482,-163.84460572318224,100.0,0.0,0.0
random_easy,0,483,-166.70906777731665,100.0,0.0,0.0
random_easy,0,484,-184.40997082391496,100.0,0.0,0.0
random_easy,0,485,-50.17590645783051,100.0,0.0,0.0
random_easy,0,486,-78.19195168308795,100.0,0.0,0.0
random_easy,0,487,-44.95142991767784,100.0,0.0,0.0
random_easy,0,488,-60.41225759056935,100.0,0.0,0.0
random_easy,0,489,-49.3034894411547,100.0,0.0,0.0
random_easy,0,490,-86.83121509641126,100.0,0.0,0.0
random_easy,0,491,-100.44939911907144,100.0,0.0,0.0
random_easy,0,492,-108.19458779494448,45.0,0.0,1.0
random_easy,0,493,-48.083816666638555,100.0,0.0,0.0
random_easy,0,494,-95.7821499600906,100.0,0.0,0.0
random_easy,0,495,-119.6728384639675,100.0,0.0,0.0
random_easy,0,496,-48.775329273854226,100.0,0.0,0.0
random_easy,0,497,-109.90374711878098,20.0,0.0,1.0
random_easy,0,498,-41.987195299698556,100.0,0.0,0.0
random_easy,0,499,-28.769661831879855,100.0,0.0,0.0
random_easy,0,500,-94.15108048924597,100.0,0.0,0.0
random_easy,0,501,-57.49773976829296,100.0,0.0,0.0
random_easy,0,502,-47.34141865019945,100.0,0.0,0.0
random_easy,0,503,-22.993820766151373,100.0,0.0,0.0
random_easy,0,504,-58.353383105279434,100.0,0.0,0.0
random_easy,0,505,-132.2349520838098,100.0,0.0,0.0
random_easy,0,506,-58.79494945701131,100.0,0.0,0.0
random_easy,0,507,-122.8070411095004,100.0,0.0,0.0
random_easy,0,508,-49.515338962572045,100.0,0.0,0.0
random_easy,0,509,-48.51874022464616,100.0,0.0,0.0
random_easy,0,510,-213.36504600575617,100.0,0.0,0.0
random_easy,0,511,-60.70411065129079,90.0,0.0,1.0
random_easy,0,512,-101.63527669059998,100.0,0.0,0.0
random_easy,0,513,-40.842907506528974,100.0,0.0,0.0
random_easy,0,514,-47.263789275933895,100.0,0.0,0.0
random_easy,0,515,-34.54786503096648,100.0,0.0,0.0
random_easy,0,516,-50.14576600196945,100.0,0.0,0.0
random_easy,0,517,-47.61053210855737,100.0,0.0,0.0
random_easy,0,518,-69.29746799152363,100.0,0.0,0.0
random_easy,0,519,-58.911498795983434,100.0,0.0,0.0
random_easy,0,520,-53.56570546773368,100.0,0.0,0.0
random_easy,0,521,-72.9250692649361,100.0,0.0,0.0
random_easy,0,522,-56.73735700689747,100.0,0.0,0.0
random_easy,0,523,-55.48840736490516,100.0,0.0,0.0
random_easy,0,524,-38.23778530362157,100.0,0.0,0.0
random_easy,0,525,-145.52199391325559,100.0,0.0,1.0
random_easy,0,526,-49.13845698957855,100.0,0.0,0.0
random_easy,0,527,-60.22229366832829,100.0,0.0,0.0
random_easy,0,528,-48.16711387827168,100.0,0.0,0.0
random_easy,0,529,-33.758175958970966,100.0,0.0,0.0
random_easy,0,530,-46.12877160424915,100.0,0.0,0.0
random_easy,0,531,-61.55132207166533,100.0,0.0,0.0
random_easy,0,532,-51.12754929250638,100.0,0.0,0.0
random_easy,0,533,-72.89901529627161,100.0,0.0,0.0
random_easy,0,534,-4.68676648307126,100.0,0.0,0.0
random_easy,0,535,-53.98230230748354,100.0,0.0,0.0
random_easy,0,536,-47.75709523621131,100.0,0.0,0.0
random_easy,0,537,-49.49529734923972,100.0,0.0,0.0
random_easy,0,538,-51.356047916009885,100.0,0.0,0.0
random_easy,0,539,-35.72792609413837,100.0,0.0,0.0
random_easy,0,540,-82.2462655170908,100.0,0.0,0.0
random_easy,0,541,-26.154618964618702,100.0,0.0,0.0
random_easy,0,542,-47.09175242207467,100.0,0.0,0.0
random_easy,0,543,-64.35422184872422,100.0,0.0,0.0
random_easy,0,544,-52.31964088669058,100.0,0.0,0.0
random_easy,0,545,-72.47274684416574,100.0,0.0,0.0
random_easy,0,546,-55.3841902722947,100.0,0.0,0.0
random_easy,0,547,-95.85624306301482,100.0,0.0,0.0
random_easy,0,548,-60.416935811486915,100.0,0.0,0.0
random_easy,0,549,-53.35357474741908,100.0,0.0,0.0
random_easy,0,550,-57.94879377088749,100.0,0.0,0.0
random_easy,0,551,-42.79006254042443,100.0,0.0,0.0
random_easy,0,552,-53.17010079640008,100.0,0.0,0.0
random_easy,0,553,-49.92779836179906,100.0,0.0,0.0
random_easy,0,554,-49.68388999388989,100.0,0.0,0.0
random_easy,0,555,-46.62108298018586,100.0,0.0,0.0
random_easy,0,556,-51.89873111400822,100.0,0.0,0.0
random_easy,0,557,-53.04861004950022,100.0,0.0,0.0
random_easy,0,558,-56.16897913292777,100.0,0.0,0.0
random_easy,0,559,-48.69258267403123,100.0,0.0,0.0
random_easy,0,560,-29.153270848764276,100.0,0.0,0.0
random_easy,0,561,-47.60377608508673,100.0,0.0,0.0
random_easy,0,562,-45.89656827923099,100.0,0.0,0.0
random_easy,0,563,-42.88649593076328,100.0,0.0,0.0
random_easy,0,564,-51.63445973464045,100.0,0.0,0.0
random_easy,0,565,-79.12245456849247,100.0,0.0,0.0
random_easy,0,566,-41.52654831090775,100.0,0.0,0.0
random_easy,0,567,-54.20104945131554,100.0,0.0,0.0
random_easy,0,568,-48.94979856615505,100.0,0.0,0.0
random_easy,0,569,-20.171282453131653,100.0,0.0,0.0
random_easy,0,570,-47.8908831931037,100.0,0.0,0.0
random_easy,0,571,-59.91113557524291,100.0,0.0,0.0
random_easy,0,572,-48.36037872870506,100.0,0.0,0.0
random_easy,0,573,-63.187121214985865,100.0,0.0,0.0
random_easy,0,574,-74.60141809963113,100.0,0.0,0.0
random_easy,0,575,-26.515418816814375,100.0,0.0,0.0
random_easy,0,576,-53.628283713019535,100.0,0.0,0.0
random_easy,0,577,-69.58485595148639,37.0,0.0,1.0
random_easy,0,578,-42.85467027405518,100.0,0.0,0.0
random_easy,0,579,-50.10003265481684,100.0,0.0,0.0
random_easy,0,580,-47.89992373422152,100.0,0.0,0.0
random_easy,0,581,-49.85286480404039,100.0,0.0,0.0
random_easy,0,582,-52.40089476606793,100.0,0.0,0.0
random_easy,0,583,-66.7732001868447,100.0,0.0,0.0
random_easy,0,584,-56.02694533463657,47.0,0.0,1.0
random_easy,0,585,-69.07186287938347,100.0,0.0,0.0
random_easy,0,586,-55.910971842321864,100.0,0.0,0.0
random_easy,0,587,-72.86950627048274,100.0,0.0,0.0
random_easy,0,588,-52.984103572280695,100.0,0.0,0.0
random_easy,0,589,-50.23359268373872,100.0,0.0,0.0
random_easy,0,590,-50.9313266245435,52.0,0.0,1.0
random_easy,0,591,-5.073050185174331,100.0,0.0,0.0
random_easy,0,592,-53.51993999013288,100.0,0.0,0.0
random_easy,0,593,-52.43097153482175,100.0,0.0,0.0
random_easy,0,594,-49.952569650801294,100.0,0.0,0.0
random_easy,0,595,-94.46682177645471,100.0,0.0,0.0
random_easy,0,596,-14.717512435980673,100.0,0.0,0.0
random_easy,0,597,-26.195715862317492,100.0,0.0,0.0
random_easy,0,598,-54.15089256023786,100.0,0.0,0.0
random_easy,0,599,-57.3902578683593,100.0,0.0,0.0
random_easy,0,600,-51.417197922966146,100.0,0.0,0.0
random_easy,0,601,-55.405651861997214,100.0,0.0,0.0
random_easy,0,602,-50.66310685782194,100.0,0.0,0.0
random_easy,0,603,-69.0055409016689,100.0,0.0,0.0
random_easy,0,604,-57.90034412071819,100.0,0.0,0.0
random_easy,0,605,-50.11859247248008,100.0,0.0,0.0
random_easy,0,606,-41.02177139592197,100.0,0.0,0.0
random_easy,0,607,-51.74920157251169,100.0,0.0,0.0
random_easy,0,608,-57.28160211529268,100.0,0.0,0.0
random_easy,0,609,-24.571990806264225,100.0,0.0,0.0
random_easy,0,610,-31.06488902756451,100.0,0.0,0.0
random_easy,0,611,-55.170348446108534,100.0,0.0,0.0
random_easy,0,612,-56.89288356420283,100.0,0.0,0.0
random_easy,0,613,-47.82690089637706,100.0,0.0,0.0
random_easy,0,614,-48.23486077988246,100.0,0.0,0.0
random_easy,0,615,-56.9875229633213,81.0,0.0,1.0
random_easy,0,616,-87.44574686630716,100.0,0.0,0.0
random_easy,0,617,-60.97586575990603,80.0,0.0,1.0
random_easy,0,618,-53.23777831726314,100.0,0.0,0.0
random_easy,0,619,-51.517219144673305,100.0,0.0,0.0
random_easy,0,620,-50.82005100038697,100.0,0.0,0.0
random_easy,0,621,-50.991598679258686,100.0,0.0,0.0
random_easy,0,622,-101.50350368147083,100.0,0.0,0.0
random_easy,0,623,-92.30800523236431,64.0,0.0,1.0
random_easy,0,624,-58.996095324748396,100.0,0.0,0.0
random_easy,0,625,-31.180228249941795,100.0,0.0,0.0
random_easy,0,626,-64.46815600289213,100.0,0.0,0.0
random_easy,0,627,-55.897999663770385,100.0,0.0,0.0
random_easy,0,628,-93.36045594150175,100.0,0.0,0.0
random_easy,0,629,-38.28503386542165,100.0,0.0,0.0
random_easy,0,630,-87.33805191323742,100.0,0.0,0.0
random_easy,0,631,-51.904413582905654,100.0,0.0,0.0
random_easy,0,632,-50.036346572714116,100.0,0.0,0.0
random_easy,0,633,-35.61799951416204,100.0,0.0,0.0
random_easy,0,634,-65.95082139463082,100.0,0.0,0.0
random_easy,0,635,-56.31892305038804,100.0,0.0,0.0
random_easy,0,636,-50.66850108944332,100.0,0.0,0.0
random_easy,0,637,-125.2285346048125,100.0,0.0,0.0
random_easy,0,638,-49.35674215178603,100.0,0.0,0.0
random_easy,0,639,-47.91714173116015,100.0,0.0,0.0
random_easy,0,640,-50.63433197550182,100.0,0.0,0.0
random_easy,0,641,-66.83489208422058,86.0,0.0,1.0
random_easy,0,642,-120.4203905085945,100.0,0.0,0.0
random_easy,0,643,-88.50383139819782,81.0,0.0,1.0
random_easy,0,644,-49.992224628257254,100.0,0.0,0.0
random_easy,0,645,-51.37789958387908,82.0,0.0,1.0
random_easy,0,646,-56.06316072151756,100.0,0.0,0.0
random_easy,0,647,-57.00963083112654,100.0,0.0,0.0
random_easy,0,648,-50.542837640240556,100.0,0.0,0.0
random_easy,0,649,-62.54951838488042,100.0,0.0,0.0
random_easy,0,650,-63.63310020726381,100.0,0.0,0.0
random_easy,0,651,-55.676023548672156,100.0,0.0,0.0
random_easy,0,652,-76.54544334653643,100.0,0.0,0.0
random_easy,0,653,-49.58441461998073,100.0,0.0,0.0
random_easy,0,654,-56.636172657110414,100.0,0.0,0.0
random_easy,0,655,-93.73599310705185,100.0,0.0,0.0
random_easy,0,656,-48.842298825335305,100.0,0.0,0.0
random_easy,0,657,-92.02551226752016,100.0,0.0,0.0
random_easy,0,658,-54.517783379041894,100.0,0.0,0.0
random_easy,0,659,-96.44383803463037,100.0,0.0,0.0
random_easy,0,660,-46.69629573511687,100.0,0.0,0.0
random_easy,0,661,-46.413525920570024,100.0,0.0,0.0
random_easy,0,662,-127.80827656248714,100.0,0.0,0.0
random_easy,0,663,-178.61127677926407,100.0,0.0,0.0
random_easy,0,664,-41.272213752583106,100.0,0.0,0.0
random_easy,0,665,-43.49786273396837,100.0,0.0,0.0
random_easy,0,666,-36.745492398368214,100.0,0.0,0.0
random_easy,0,667,-101.18961125714958,100.0,0.0,0.0
random_easy,0,668,-50.49139197603948,100.0,0.0,0.0
random_easy,0,669,-49.51734597540325,100.0,0.0,0.0
random_easy,0,670,-36.54320221619662,100.0,0.0,0.0
random_easy,0,671,-53.33343734763094,100.0,0.0,0.0
random_easy,0,672,-62.669694255946524,56.0,0.0,1.0
random_easy,0,673,-99.09973580317401,100.0,0.0,0.0
random_easy,0,674,-49.018467143450074,100.0,0.0,0.0
random_easy,0,675,-28.87404700039895,100.0,0.0,0.0
random_easy,0,676,89.10827154347925,20.0,1.0,0.0
random_easy,0,677,-31.831761260339068,100.0,0.0,0.0
random_easy,0,678,-54.37892958190876,100.0,0.0,0.0
random_easy,0,679,-10.543289703295422,100.0,0.0,0.0
random_easy,0,680,-94.10722693909173,37.0,0.0,1.0
random_easy,0,681,-52.668688862447624,100.0,0.0,0.0
random_easy,0,682,-112.57009377828393,100.0,0.0,0.0
random_easy,0,683,-48.614467460808854,100.0,0.0,0.0
random_easy,0,684,-53.130465479457406,100.0,0.0,0.0
random_easy,0,685,-22.127961396476984,100.0,0.0,0.0
random_easy,0,686,-124.7462943810883,100.0,0.0,0.0
random_easy,0,687,-51.65637663178329,100.0,0.0,0.0
random_easy,0,688,-102.13604063927863,100.0,0.0,0.0
random_easy,0,689,-51.071288190122814,52.0,0.0,1.0
random_easy,0,690,-54.64999917007159,100.0,0.0,0.0
random_easy,0,691,-77.73628390784346,100.0,0.0,0.0
random_easy,0,692,-42.894218478231814,100.0,0.0,0.0
random_easy,0,693,-57.633363839352114,100.0,0.0,0.0
random_easy,0,694,-33.6386385390937,100.0,0.0,0.0
random_easy,0,695,-44.3088030010271,100.0,0.0,0.0
random_easy,0,696,-81.07118428867103,18.0,0.0,1.0
random_easy,0,697,-42.6560738411629,100.0,0.0,0.0
random_easy,0,698,-70.49567533913779,100.0,0.0,0.0
random_easy,0,699,-50.76166246956115,100.0,0.0,0.0
random_easy,0,700,-48.284711179259666,100.0,0.0,0.0
random_easy,0,701,-46.49165996042665,100.0,0.0,0.0
random_easy,0,702,-61.54620933241974,100.0,0.0,0.0
random_easy,0,703,-53.238507422031226,100.0,0.0,0.0
random_easy,0,704,-89.28464934125265,100.0,0.0,0.0
random_easy,0,705,-46.423426932909514,100.0,0.0,0.0
random_easy,0,706,-0.4792022694139675,100.0,0.0,0.0
random_easy,0,707,-45.70963187085631,100.0,0.0,0.0
random_easy,0,708,-49.01442201918814,100.0,0.0,0.0
random_easy,0,709,-87.15171327704078,40.0,0.0,1.0
random_easy,0,710,-28.11416758341202,100.0,0.0,0.0
random_easy,0,711,-56.459819761501876,100.0,0.0,0.0
random_easy,0,712,-42.418441553993695,100.0,0.0,0.0
random_easy,0,713,-166.65518684745297,90.0,0.0,1.0
random_easy,0,714,-52.08675657346278,100.0,0.0,0.0
random_easy,0,715,-56.61147153736958,100.0,0.0,0.0
random_easy,0,716,-52.1138715470652,100.0,0.0,0.0
random_easy,0,717,-52.464330695489124,100.0,0.0,0.0
random_easy,0,718,-78.48222323275482,80.0,0.0,1.0
random_easy,0,719,-46.570025421181874,100.0,0.0,0.0
random_easy,0,720,-60.116673768220025,100.0,0.0,0.0
random_easy,0,721,-47.90230354539345,100.0,0.0,0.0
random_easy,0,722,-54.694964837667314,100.0,0.0,0.0
random_easy,0,723,-61.32685711667103,100.0,0.0,0.0
random_easy,0,724,-64.65153455580166,100.0,0.0,0.0
random_easy,0,725,-58.63668020577672,100.0,0.0,0.0
random_easy,0,726,-34.82340296802618,100.0,0.0,0.0
random_easy,0,727,-71.07253429237608,100.0,0.0,0.0
random_easy,0,728,-100.5761055930168,100.0,0.0,0.0
random_easy,0,729,-67.97580164863147,100.0,0.0,0.0
random_easy,0,730,-126.96200479599892,70.0,0.0,1.0
random_easy,0,731,-46.086723589185965,100.0,0.0,0.0
random_easy,0,732,-47.435759310861364,100.0,0.0,0.0
random_easy,0,733,-52.079768102430876,100.0,0.0,0.0
random_easy,0,734,-96.38860639463107,87.0,0.0,1.0
random_easy,0,735,-59.4305868182548,100.0,0.0,0.0
random_easy,0,736,-48.245559081747714,100.0,0.0,0.0
random_easy,0,737,-85.49449253800275,9.0,0.0,1.0
random_easy,0,738,-70.03271240768649,11.0,0.0,1.0
random_easy,0,739,-69.40839694368434,100.0,0.0,0.0
random_easy,0,740,-49.80099726003206,100.0,0.0,0.0
random_easy,0,741,-21.480590596447623,100.0,0.0,0.0
random_easy,0,742,-59.00775773231095,69.0,0.0,1.0
random_easy,0,743,-56.02619381082343,100.0,0.0,0.0
random_easy,0,744,-78.97768606913442,100.0,0.0,0.0
random_easy,0,745,-53.440628326722596,100.0,0.0,0.0
random_easy,0,746,-54.332316297617034,100.0,0.0,0.0
random_easy,0,747,-61.858790087251734,100.0,0.0,0.0
random_easy,0,748,-50.00177221485011,100.0,0.0,0.0
random_easy,0,749,-57.84128266109688,100.0,0.0,0.0
random_easy,0,750,-161.09420731114147,100.0,0.0,0.0
random_easy,0,751,-118.2956130922878,38.0,0.0,1.0
random_easy,0,752,-46.87552740256317,100.0,0.0,0.0
random_easy,0,753,-57.01770545714406,100.0,0.0,0.0
random_easy,0,754,-47.985899379606245,100.0,0.0,0.0
random_easy,0,755,-46.27787029564422,100.0,0.0,0.0
random_easy,0,756,-49.590693412858386,100.0,0.0,0.0
random_easy,0,757,-70.3387539591632,100.0,0.0,0.0
random_easy,0,758,-73.46106732888256,100.0,0.0,0.0
random_easy,0,759,-60.76320609218531,100.0,0.0,0.0
random_easy,0,760,-51.42837328087395,100.0,0.0,0.0
random_easy,0,761,-48.29328849281508,100.0,0.0,0.0
random_easy,0,762,-77.79610653527509,100.0,0.0,0.0
random_easy,0,763,-77.80900650493099,100.0,0.0,0.0
random_easy,0,764,-40.98081914464913,100.0,0.0,0.0
random_easy,0,765,-39.56578800322958,100.0,0.0,0.0
random_easy,0,766,-54.15625731464619,100.0,0.0,0.0
random_easy,0,767,-77.51152950535663,100.0,0.0,0.0
random_easy,0,768,-49.875339226396186,100.0,0.0,0.0
random_easy,0,769,-48.24378193733095,100.0,0.0,0.0
random_easy,0,770,-53.15747079485611,100.0,0.0,0.0
random_easy,0,771,-41.570535258092995,100.0,0.0,0.0
random_easy,0,772,-75.63446456082075,100.0,0.0,0.0
random_easy,0,773,-37.217157635069725,100.0,0.0,0.0
random_easy,0,774,-65.83657573438003,79.0,0.0,1.0
random_easy,0,775,-56.11969050479672,100.0,0.0,0.0
random_easy,0,776,-50.7858173380739,100.0,0.0,0.0
random_easy,0,777,-55.616953233840064,100.0,0.0,0.0
random_easy,0,778,-65.60375253894443,93.0,0.0,1.0
random_easy,0,779,-123.22772624301756,100.0,0.0,0.0
random_easy,0,780,-41.736936047724406,100.0,0.0,0.0
random_easy,0,781,-44.970186354084966,100.0,0.0,0.0
random_easy,0,782,-47.89291339300885,100.0,0.0,0.0
random_easy,0,783,-54.377306159962124,100.0,0.0,0.0
random_easy,0,784,-57.72986802034386,100.0,0.0,0.0
random_easy,0,785,-62.34740507523002,100.0,0.0,0.0
random_easy,0,786,-62.18397640107863,100.0,0.0,0.0
random_easy,0,787,-45.458182917197334,100.0,0.0,0.0
random_easy,0,788,-50.07143593372954,100.0,0.0,0.0
random_easy,0,789,-80.4021890140454,100.0,0.0,0.0
random_easy,0,790,-46.49414552009061,100.0,0.0,0.0
random_easy,0,791,-58.20782594652345,100.0,0.0,0.0
random_easy,0,792,-62.928901289321146,100.0,0.0,0.0
random_easy,0,793,-58.36708671727538,100.0,0.0,0.0
random_easy,0,794,-101.6423348968687,100.0,0.0,0.0
random_easy,0,795,-33.794576638623695,100.0,0.0,0.0
random_easy,0,796,-95.60130298501696,98.0,0.0,1.0
random_easy,0,797,-51.13146700362011,100.0,0.0,0.0
random_easy,0,798,-83.02619637056688,100.0,0.0,0.0
random_easy,0,799,-66.75797838531636,100.0,0.0,0.0
random_easy,0,800,-34.91315579356723,100.0,0.0,0.0
random_easy,0,801,-84.88952939782959,100.0,0.0,0.0
random_easy,0,802,-28.960299195864682,100.0,0.0,0.0
random_easy,0,803,-10.825357717155647,100.0,0.0,0.0
random_easy,0,804,-52.18000048824467,100.0,0.0,0.0
random_easy,0,805,-51.78946068746401,100.0,0.0,0.0
random_easy,0,806,-52.00693918046101,100.0,0.0,0.0
random_easy,0,807,-42.542579348896474,100.0,0.0,0.0
random_easy,0,808,-87.27244743120224,49.0,0.0,1.0
random_easy,0,809,-57.24428611662399,100.0,0.0,0.0
random_easy,0,810,-68.64131721313333,100.0,0.0,0.0
random_easy,0,811,-47.47129416522073,100.0,0.0,0.0
random_easy,0,812,-49.62415465218621,100.0,0.0,0.0
random_easy,0,813,-53.04899007453965,100.0,0.0,0.0
random_easy,0,814,-75.56406256158755,43.0,0.0,1.0
random_easy,0,815,-48.01038631469501,100.0,0.0,0.0
random_easy,0,816,-49.97863719777498,100.0,0.0,0.0
random_easy,0,817,-49.53702627466536,100.0,0.0,0.0
random_easy,0,818,-65.29603069515642,5.0,0.0,1.0
random_easy,0,819,-69.96265804171702,100.0,0.0,0.0
random_easy,0,820,-45.97100565382783,96.0,0.0,1.0
random_easy,0,821,-85.74905548652424,100.0,0.0,0.0
random_easy,0,822,-54.248290266598346,100.0,0.0,0.0
random_easy,0,823,-64.19380020581015,100.0,0.0,0.0
random_easy,0,824,-68.71569432819307,80.0,0.0,1.0
random_easy,0,825,-49.79167677544762,62.0,0.0,1.0
random_easy,0,826,-52.07159982465081,100.0,0.0,0.0
random_easy,0,827,-65.61317994054941,100.0,0.0,0.0
random_easy,0,828,-65.59008415097635,100.0,0.0,0.0
random_easy,0,829,-57.03585978795397,100.0,0.0,0.0
random_easy,0,830,-31.465133110051568,100.0,0.0,0.0
random_easy,0,831,-21.06208254822157,100.0,0.0,0.0
random_easy,0,832,-64.63186481818032,6.0,0.0,1.0
random_easy,0,833,-49.654983500107996,100.0,0.0,0.0
random_easy,0,834,-54.37015419523821,100.0,0.0,0.0
random_easy,0,835,-36.77909114024832,100.0,0.0,0.0
random_easy,0,836,-92.90165858537594,19.0,0.0,1.0
random_easy,0,837,-6.395073068312733,100.0,0.0,0.0
random_easy,0,838,-26.967407122921266,100.0,0.0,0.0
random_easy,0,839,-31.477631202589173,100.0,0.0,0.0
random_easy,0,840,-48.60747600389736,100.0,0.0,0.0
random_easy,0,841,-31.13509265579255,100.0,0.0,0.0
random_easy,0,842,-54.654478578235505,100.0,0.0,0.0
random_easy,0,843,-54.31443128062009,100.0,0.0,0.0
random_easy,0,844,-49.144164109029965,100.0,0.0,0.0
random_easy,0,845,-52.711819515343876,100.0,0.0,0.0
random_easy,0,846,-71.77953635458928,100.0,0.0,0.0
random_easy,0,847,-105.19953871621182,100.0,0.0,0.0
random_easy,0,848,-91.82293651892428,100.0,0.0,0.0
random_easy,0,849,-94.32164962639706,63.0,0.0,1.0
random_easy,0,850,-78.91086130399933,34.0,0.0,1.0
random_easy,0,851,-71.68545523461933,52.0,0.0,1.0
random_easy,0,852,-77.71221002112354,100.0,0.0,0.0
random_easy,0,853,-47.98863287234816,100.0,0.0,0.0
random_easy,0,854,-52.28802163617866,100.0,0.0,0.0
random_easy,0,855,4.184315870856757,58.0,0.0,1.0
random_easy,0,856,-18.56620355071199,100.0,0.0,0.0
random_easy,0,857,-81.82213419381159,41.0,0.0,1.0
random_easy,0,858,-70.78721000773197,31.0,0.0,1.0
random_easy,0,859,-47.06039180642108,100.0,0.0,0.0
random_easy,0,860,-59.9159081112608,100.0,0.0,0.0
random_easy,0,861,-79.56114854105795,35.0,0.0,1.0
random_easy,0,862,-59.212615940671554,27.0,0.0,1.0
random_easy,0,863,-43.40698668713322,100.0,0.0,0.0
random_easy,0,864,-47.76008404441175,99.0,0.0,1.0
random_easy,0,865,-22.540965835539573,100.0,0.0,0.0
random_easy,0,866,-49.051242958713765,100.0,0.0,0.0
random_easy,0,867,-25.504632464815927,100.0,0.0,0.0
random_easy,0,868,-52.27120107784133,100.0,0.0,0.0
random_easy,0,869,-41.73204031557173,100.0,0.0,0.0
random_easy,0,870,-53.987682389816584,100.0,0.0,0.0
random_easy,0,871,-55.95191011771484,100.0,0.0,0.0
random_easy,0,872,-51.16544402217615,100.0,0.0,0.0
random_easy,0,873,-64.90056362570726,86.0,0.0,1.0
random_easy,0,874,-100.45538769151713,100.0,0.0,0.0
random_easy,0,875,-24.60830231902358,100.0,0.0,0.0
random_easy,0,876,-77.66843430768377,30.0,0.0,1.0
random_easy,0,877,-74.65117572273147,33.0,0.0,1.0
random_easy,0,878,-65.57145628710514,15.0,0.0,1.0
random_easy,0,879,-57.860884716404826,100.0,0.0,0.0
random_easy,0,880,-55.01033335766762,100.0,0.0,0.0
random_easy,0,881,-32.49647867567509,100.0,0.0,0.0
random_easy,0,882,-77.14748841796131,42.0,0.0,1.0
random_easy,0,883,-116.03461165652786,100.0,0.0,0.0
random_easy,0,884,-110.34311269034336,68.0,0.0,1.0
random_easy,0,885,-44.566943592993006,100.0,0.0,0.0
random_easy,0,886,-53.33576307661277,100.0,0.0,0.0
random_easy,0,887,-62.53332547836207,27.0,0.0,1.0
random_easy,0,888,-70.91703150391288,8.0,0.0,1.0
random_easy,0,889,-103.07217497884177,37.0,0.0,1.0
random_easy,0,890,-49.40429298128825,100.0,0.0,0.0
random_easy,0,891,-83.52917149471035,36.0,0.0,1.0
random_easy,0,892,-34.81888521360547,100.0,0.0,0.0
random_easy,0,893,-117.41464708275117,89.0,0.0,1.0
random_easy,0,894,-86.47819031744821,66.0,0.0,1.0
random_easy,0,895,-129.18860889396737,23.0,0.0,1.0
random_easy,0,896,-58.021643184188235,100.0,0.0,0.0
random_easy,0,897,-48.97970928970429,100.0,0.0,0.0
random_easy,0,898,-52.86948424690698,100.0,0.0,0.0
random_easy,0,899,-48.87846449422247,100.0,0.0,0.0
random_easy,0,900,91.81814562096486,52.0,1.0,0.0
random_easy,0,901,-149.91729823960293,26.0,0.0,1.0
random_easy,0,902,-109.3919395119384,100.0,0.0,0.0
random_easy,0,903,-69.66968171878037,49.0,0.0,1.0
random_easy,0,904,-24.082205193727567,62.0,0.0,1.0
random_easy,0,905,-55.5088616322699,100.0,0.0,0.0
random_easy,0,906,-53.66069601225894,100.0,0.0,0.0
random_easy,0,907,-107.18375821613088,28.0,0.0,1.0
random_easy,0,908,-83.4120427731884,100.0,0.0,0.0
random_easy,0,909,-46.78667389288345,100.0,0.0,0.0
random_easy,0,910,-68.0953406688129,100.0,0.0,0.0
random_easy,0,911,-84.9389334177223,100.0,0.0,0.0
random_easy,0,912,-47.4581334036691,100.0,0.0,0.0
random_easy,0,913,-52.04718518420505,100.0,0.0,0.0
random_easy,0,914,-51.42731083165442,52.0,0.0,1.0
random_easy,0,915,98.40167258875026,45.0,1.0,0.0
random_easy,0,916,-15.167612476181596,100.0,0.0,0.0
random_easy,0,917,-93.51298448222084,100.0,0.0,0.0
random_easy,0,918,-111.18264921695436,100.0,0.0,0.0
random_easy,0,919,-69.70116886118493,27.0,0.0,1.0
random_easy,0,920,-47.36651925333297,100.0,0.0,0.0
random_easy,0,921,-58.873471832947075,100.0,0.0,0.0
random_easy,0,922,73.52491576830877,100.0,0.0,0.0
random_easy,0,923,-102.22711452614757,100.0,0.0,0.0
random_easy,0,924,-50.201685795363375,100.0,0.0,0.0
random_easy,0,925,-50.109308172338935,100.0,0.0,0.0
random_easy,0,926,-47.16204492065833,100.0,0.0,0.0
random_easy,0,927,-57.16680741541281,100.0,0.0,0.0
random_easy,0,928,39.93151921044485,100.0,0.0,0.0
random_easy,0,929,-59.93896628724659,7.0,0.0,1.0
random_easy,0,930,93.45840389788111,100.0,0.0,0.0
random_easy,0,931,-38.92680014177694,100.0,0.0,0.0
random_easy,0,932,-55.51741557590294,100.0,0.0,0.0
random_easy,0,933,-59.536779680813616,100.0,0.0,0.0
random_easy,0,934,-47.98792396226313,100.0,0.0,0.0
random_easy,0,935,-53.529038827635226,100.0,0.0,0.0
random_easy,0,936,-56.17336238282393,24.0,0.0,1.0
random_easy,0,937,-47.68757995605574,100.0,0.0,0.0
random_easy,0,938,35.01272123709671,100.0,0.0,0.0
random_easy,0,939,-64.70712022295879,100.0,0.0,0.0
random_easy,0,940,-23.61337817645429,100.0,0.0,0.0
random_easy,0,941,-13.225940500358043,100.0,0.0,0.0
random_easy,0,942,-59.27981631744957,100.0,0.0,0.0
random_easy,0,943,-104.99933474597063,100.0,0.0,0.0
random_easy,0,944,3.2495975748864723,100.0,0.0,0.0
random_easy,0,945,-60.99002170928254,100.0,0.0,0.0
random_easy,0,946,-74.23479086976724,100.0,0.0,0.0
random_easy,0,947,7.390541083536789,100.0,0.0,0.0
random_easy,0,948,-45.57122494701595,100.0,0.0,0.0
random_easy,0,949,-38.16633724897116,100.0,0.0,0.0
random_easy,0,950,-46.02544969251936,100.0,0.0,0.0
random_easy,0,951,-63.27029854381159,100.0,0.0,0.0
random_easy,0,952,-64.02947822272515,100.0,0.0,0.0
random_easy,0,953,-17.704209455006144,100.0,0.0,0.0
random_easy,0,954,-111.10734100220819,100.0,0.0,0.0
random_easy,0,955,-50.13948002384128,100.0,0.0,0.0
random_easy,0,956,-83.63733697454634,84.0,0.0,1.0
random_easy,0,957,-34.266711690794196,85.0,0.0,1.0
random_easy,0,958,-57.95024013393753,100.0,0.0,0.0
random_easy,0,959,-51.117395956836575,100.0,0.0,0.0
random_easy,0,960,-22.713109512185014,100.0,0.0,0.0
random_easy,0,961,-74.00979417978508,100.0,0.0,0.0
random_easy,0,962,-105.11027935562197,100.0,0.0,0.0
random_easy,0,963,-73.37843242410196,52.0,0.0,1.0
random_easy,0,964,-61.32311659855088,6.0,0.0,1.0
random_easy,0,965,-48.83812605255427,100.0,0.0,0.0
random_easy,0,966,-56.84120707378295,100.0,0.0,0.0
random_easy,0,967,-80.72923062803706,14.0,0.0,1.0
random_easy,0,968,-65.8507297183353,100.0,0.0,0.0
random_easy,0,969,-47.996017975277624,100.0,0.0,0.0
random_easy,0,970,-74.59757940348103,100.0,0.0,0.0
random_easy,0,971,-30.519312992943625,100.0,0.0,0.0
random_easy,0,972,-49.546405958920005,100.0,0.0,0.0
random_easy,0,973,-142.78369463656867,58.0,0.0,1.0
random_easy,0,974,-48.21046024008256,100.0,0.0,0.0
random_easy,0,975,-57.962025231641,100.0,0.0,0.0
random_easy,0,976,-70.67467962662025,100.0,0.0,0.0
random_easy,0,977,-60.83486296569152,100.0,0.0,0.0
random_easy,0,978,93.85705218756792,100.0,0.0,0.0
random_easy,0,979,-8.534773600927899,100.0,0.0,0.0
random_easy,0,980,-33.36869857046857,100.0,0.0,0.0
random_easy,0,981,-98.97126003741464,100.0,0.0,0.0
random_easy,0,982,-94.3911404627982,100.0,0.0,0.0
random_easy,0,983,-50.0223488792267,100.0,0.0,0.0
random_easy,0,984,-61.47549347634122,100.0,0.0,0.0
random_easy,0,985,4.821065126485834,100.0,0.0,0.0
random_easy,0,986,-59.21141026109231,100.0,0.0,0.0
random_easy,0,987,-100.9477877072977,100.0,0.0,0.0
random_easy,0,988,-102.8055455532602,100.0,0.0,0.0
random_easy,0,989,-48.263541149310804,100.0,0.0,0.0
random_easy,0,990,-59.756903369746546,100.0,0.0,0.0
random_easy,0,991,36.85409061419546,100.0,0.0,0.0
random_easy,0,992,-10.354435186426521,39.0,0.0,1.0
random_easy,0,993,-53.27375815681022,100.0,0.0,0.0
random_easy,0,994,-41.2888579980454,100.0,0.0,0.0
random_easy,0,995,-53.59216432474993,100.0,0.0,0.0
random_easy,0,996,-48.76178905007541,100.0,0.0,0.0
random_easy,0,997,-115.94314194018628,100.0,0.0,0.0
random_easy,0,998,38.200356883296706,100.0,0.0,0.0
random_easy,0,999,-47.40375937698715,100.0,0.0,0.0
random_easy,0,1000,-78.38337451756074,100.0,0.0,0.0
