environment,worker,episode,step,agent,state,reward,goal_distance,travel_time,action_x,action_y,closest_obstacle_distance
random_easy,0,1000,1,agent_1,active,-2.712318034167731,2.522463606833546,1,0.41602993,-0.5195374,5.5035214
random_easy,0,1000,2,agent_1,active,-7.962025323438968,3.5724050646877936,2,1.7241505,-0.26853326,4.7945275
random_easy,0,1000,3,agent_1,active,-12.202441464809805,4.420488292961961,3,0.005264759,-0.3886881,3.871161
random_easy,0,1000,4,agent_1,active,-16.365447390477126,5.253089478095425,4,0.0061252117,0.100078836,2.990773
random_easy,0,1000,5,agent_1,active,-21.0857856260733,6.19715712521466,5,0.0006494522,-0.30720124,2.0081909
random_easy,0,1000,6,agent_1,active,-25.08530772293348,6.997061544586695,6,0.11777973,0.44389755,1.2006423
random_easy,0,1000,7,agent_1,active,-27.747148118671532,7.529429623734306,7,0.051968336,0.37344626,0.66392875
random_easy,0,1000,8,agent_1,active,-29.132406749950324,7.806481349990064,8,0.025435925,0.28419223,0.38532007
random_easy,0,1000,9,agent_1,active,-28.14672815439304,7.609345630878607,9,0.13743496,0.519057,0.6198275
random_easy,0,1000,10,agent_1,active,-26.06447161586651,7.192894323173301,10,0.0026183128,0.20866752,1.0506277
random_easy,0,1000,11,agent_1,active,-22.825888919568584,6.545177783913717,11,0.004204273,0.29384628,1.7243435
random_easy,0,1000,12,agent_1,active,-18.76306102855003,5.732612205710006,12,0.00268507,0.28302085,2.5776253
random_easy,0,1000,13,agent_1,active,-16.472701006860756,5.274540201372151,13,0.013281584,-0.50882775,3.0687833
random_easy,0,1000,14,agent_1,active,-16.390952363301047,5.258190472660209,14,0.023737192,-0.48681888,3.0953798
random_easy,0,1000,15,agent_1,active,-18.421943723696604,5.664388744739321,15,0.009294987,-0.47129747,2.665195
random_easy,0,1000,16,agent_1,active,-22.087482336646723,6.397496467329344,16,0.0012524128,-0.43814957,1.8926451
random_easy,0,1000,17,agent_1,active,-24.64312169830583,6.9086243396611655,17,0.017080307,0.32504475,1.363322
random_easy,0,1000,18,agent_1,active,-27.36665435888634,7.4533308717772675,18,0.037384033,-0.032916516,0.8063637
random_easy,0,1000,19,agent_1,active,-28.189016371752043,7.6178032743504085,19,0.13499069,0.4567826,0.67282736
random_easy,0,1000,20,agent_1,active,-29.410985685358177,7.862197137071635,20,0.011226177,-0.11954212,0.42205453
random_easy,0,1000,21,agent_1,active,-28.242931922552366,7.628586384510473,21,0.044703007,0.51147187,0.6771953
random_easy,0,1000,22,agent_1,active,-28.477296876093902,7.6754593752187805,22,0.002554655,-0.30608884,0.62911844
random_easy,0,1000,23,agent_1,active,-26.734740860230488,7.326948172046097,23,0.036789417,0.4315838,1.0032761
random_easy,0,1000,24,agent_1,active,-24.550723680326932,6.890144736065386,24,0.005906105,0.09515428,1.463851
random_easy,0,1000,25,agent_1,active,-21.649052090386448,6.309810418077289,25,0.00087308884,0.18397291,2.079032
random_easy,0,1000,26,agent_1,active,-17.787704694728305,5.537540938945661,26,0.004089117,0.31990793,2.9109323
random_easy,0,1000,27,agent_1,active,-15.73035367898176,5.126070735796352,27,0.0017373562,-0.5137214,3.36275
random_easy,0,1000,28,agent_1,active,-15.911573760671695,5.162314752134339,28,0.013674974,-0.5024335,3.329125
random_easy,0,1000,29,agent_1,active,-18.16069589700445,5.61213917940089,29,0.005906582,-0.47917002,2.8385046
random_easy,0,1000,30,agent_1,active,-21.98727818388894,6.377455636777787,30,0.0028512478,-0.45321456,2.0158775
random_easy,0,1000,31,agent_1,active,-24.59678353828835,6.899356707657669,31,0.0426054,0.39417225,1.474694
random_easy,0,1000,32,agent_1,active,-25.888732495789437,7.157746499157887,32,0.0061290264,0.29775047,1.2040198
random_easy,0,1000,33,agent_1,active,-27.064948018942218,7.392989603788443,33,0.010629177,0.027563613,0.9599798
random_easy,0,1000,34,agent_1,active,-26.476104316597514,7.275220863319502,34,0.026780605,0.37941536,1.0924747
random_easy,0,1000,35,agent_1,active,-25.953589063229536,7.170717812645907,35,0.0070972443,-0.020119453,1.2050021
random_easy,0,1000,36,agent_1,active,-23.61100135719143,6.702200271438286,36,0.0145590305,0.41198775,1.7060022
random_easy,0,1000,37,agent_1,active,-20.74330453299217,6.128660906598434,37,0.004207611,0.13884902,2.3219614
random_easy,0,1000,38,agent_1,active,-16.880540928368777,5.356108185673755,38,0.0021276474,0.34218735,3.1665468
random_easy,0,1000,39,agent_1,active,-14.792909340435509,4.938581868087102,39,0.051736116,-0.49216524,3.6578846
random_easy,0,1000,40,agent_1,active,-14.346349198021786,4.849269839604357,40,0.012286425,-0.40475294,3.766542
random_easy,0,1000,41,agent_1,active,-15.702414038502456,5.120482807700491,41,0.0038380623,-0.42010534,3.460309
random_easy,0,1000,42,agent_1,active,-18.734926579549843,5.726985315909968,42,0.0040757656,-0.4272027,2.7871768
random_easy,0,1000,43,agent_1,active,-22.687257556460434,6.517451511292086,43,0.006587267,-0.2899378,1.9307163
random_easy,0,1000,44,agent_1,active,-25.57747096914044,7.095494193828087,44,0.064356804,0.3869207,1.332356
random_easy,0,1000,45,agent_1,active,-27.30186930766099,7.440373861532198,45,0.03554511,0.27925044,0.97802114
random_easy,0,1000,46,agent_1,active,-28.21737253437579,7.623474506875158,46,0.042444706,0.18187134,0.79866564
random_easy,0,1000,47,agent_1,active,-29.37345522851863,7.854691045703726,47,0.027487755,-0.05720435,0.5633575
random_easy,0,1000,48,agent_1,active,-29.495995418253635,7.879199083650727,48,0.011780739,0.21565422,0.5414778
random_easy,0,1000,49,agent_1,active,-30.066153969189426,7.993230793837885,49,0.016093016,-0.09336035,0.42649102
random_easy,0,1000,50,agent_1,active,-28.797805913589553,7.73956118271791,50,0.082966805,0.416204,0.72293043
random_easy,0,1000,51,agent_1,active,-28.66057224792455,7.712114449584909,51,0.0031855106,-0.27060068,0.7532873
random_easy,0,1000,52,agent_1,active,-26.462130966924917,7.272426193384983,52,0.004919529,0.46063724,1.2247944
random_easy,0,1000,53,agent_1,active,-24.967454178976944,6.973490835795388,53,0.0012705326,-0.16271454,1.5472138
random_easy,0,1000,54,agent_1,active,-23.485375805219828,6.677075161043965,54,0.012225628,0.004349534,1.8737473
random_easy,0,1000,55,agent_1,active,-23.378459857522483,6.655691971504496,55,0.00021457672,-0.3092258,1.8971531
random_easy,0,1000,56,agent_1,active,-22.972125765587155,6.5744251531174305,56,0.00903368,0.06943813,1.989866
random_easy,0,1000,57,agent_1,active,-23.448416992062672,6.669683398412534,57,0.002524376,-0.19599059,1.8869045
random_easy,0,1000,58,agent_1,active,-24.13184255621508,6.806368511243016,58,0.00072193146,-0.045949504,1.7383623
random_easy,0,1000,59,agent_1,active,-25.795547115703734,7.139109423140747,59,0.0069766045,-0.21653958,1.3808212
random_easy,0,1000,60,agent_1,active,-25.460568549543385,7.072113709908677,60,0.05673504,0.46145177,1.4764929
random_easy,0,1000,61,agent_1,active,-26.84733153418723,7.349466306837446,61,0.0004582405,-0.40000105,1.1769793
random_easy,0,1000,62,agent_1,active,-26.361966038459936,7.252393207691987,62,0.018101692,0.41643465,1.2889955
random_easy,0,1000,63,agent_1,active,-27.86358710841095,7.55271742168219,63,0.014541388,-0.43594682,0.97092366
random_easy,0,1000,64,agent_1,active,-27.30080654625352,7.440161309250703,64,0.042346478,0.4621453,1.108932
random_easy,0,1000,65,agent_1,active,-28.4383091432413,7.66766182864826,65,0.00976491,-0.38215047,0.8676369
random_easy,0,1000,66,agent_1,active,-27.39517827811452,7.459035655622904,66,0.027885437,0.48182344,1.1035161
random_easy,0,1000,67,agent_1,active,-27.875179640206802,7.55503592804136,67,0.0051510334,-0.33993655,1.0018787
random_easy,0,1000,68,agent_1,active,-26.756526615569825,7.331305323113964,68,0.039649963,0.36319667,1.2602959
random_easy,0,1000,69,agent_1,active,-25.585935948938044,7.097187189787609,69,0.011621475,0.002101535,1.5207427
random_easy,0,1000,70,agent_1,active,-24.97953905559348,6.975907811118696,70,0.005317688,-0.1275825,1.6562271
random_easy,0,1000,71,agent_1,active,-24.96447404084233,6.972894808168466,71,0.008285999,-0.1287907,1.6633389
random_easy,0,1000,72,agent_1,active,-24.85666166185695,6.95133233237139,72,0.008425713,0.020516345,1.6909635
random_easy,0,1000,73,agent_1,active,-25.510558487340663,7.082111697468132,73,0.0024151802,-0.17084482,1.5482359
random_easy,0,1000,74,agent_1,active,-26.573324149825183,7.294664829965036,74,0.015821218,-0.08462139,1.3223639
random_easy,0,1000,75,agent_1,active,-25.687021806492922,7.1174043612985844,75,0.05041647,0.44619405,1.5389888
random_easy,0,1000,76,agent_1,active,-26.08917412997103,7.197834825994206,76,0.003009081,-0.3055952,1.4518602
random_easy,0,1000,77,agent_1,active,-24.786582344818015,6.937316468963603,77,0.07027817,0.412671,1.7715781
random_easy,0,1000,78,agent_1,active,-24.514589554138517,6.882917910827703,78,0.0034074783,-0.26305702,1.8339124
random_easy,0,1000,79,agent_1,active,-23.85620546271403,6.751241092542806,79,0.0035414696,0.087303385,1.9830322
random_easy,0,1000,80,agent_1,active,-24.1822902798609,6.81645805597218,80,0.00096297264,-0.22234386,1.9104304
random_easy,0,1000,81,agent_1,active,-25.089980873045498,6.997996174609099,81,0.0064942837,-0.12812456,1.7109866
random_easy,0,1000,82,agent_1,active,-25.866491733506535,7.153298346701307,82,0.020513535,0.037351757,1.5482748
random_easy,0,1000,83,agent_1,active,-27.200103732913465,7.420020746582693,83,0.0022399426,-0.13448599,1.2547379
random_easy,0,1000,84,agent_1,active,-26.777636562047803,7.33552731240956,84,0.023403645,0.4020387,1.358664
random_easy,0,1000,85,agent_1,active,-27.568350910456196,7.493670182091239,85,0.007706642,-0.2757485,1.187871
random_easy,0,1000,86,agent_1,active,-26.410666353730118,7.262133270746023,86,0.0320158,0.44536892,1.4581997
random_easy,0,1000,87,agent_1,active,-26.464337873977748,7.27286757479555,87,0.007804632,-0.28188783,1.4500465
random_easy,0,1000,88,agent_1,active,-25.27161696863522,7.034323393727044,88,0.021165371,0.2879931,1.7262483
random_easy,0,1000,89,agent_1,active,-25.339729588411082,7.047945917682216,89,0.0016510487,-0.29427457,1.7118139
random_easy,0,1000,90,agent_1,active,-25.179176122527824,7.015835224505564,90,0.0047163963,0.052856505,1.7502263
random_easy,0,1000,91,agent_1,active,-25.788460393126552,7.13769207862531,91,0.0029325485,-0.17387457,1.6151872
random_easy,0,1000,92,agent_1,active,-26.132210086708,7.206442017341599,92,0.0015633106,0.059384722,1.5391924
random_easy,0,1000,93,agent_1,active,-27.572624066491002,7.4945248132982005,93,0.0030839443,-0.24803598,1.2207327
random_easy,0,1000,94,agent_1,active,-27.22131671456546,7.4242633429130915,94,0.024072886,0.41346315,1.309973
random_easy,0,1000,95,agent_1,active,-28.64341935366142,7.708683870732284,95,0.00078988075,-0.40871328,0.9960195
random_easy,0,1000,96,agent_1,active,-28.113457056632125,7.602691411326425,96,0.0835793,0.4760264,1.1520514
random_easy,0,1000,97,agent_1,active,-29.336232087040752,7.84724641740815,97,0.002860546,-0.42928958,0.8827983
random_easy,0,1000,98,agent_1,active,-28.513839287574182,7.682767857514836,98,0.021039724,0.46545956,1.0744474
random_easy,0,1000,99,agent_1,active,-29.295798376299828,7.839159675259966,99,0.0038805008,-0.36499298,0.9031457
random_easy,0,1000,100,agent_1,active,-78.38337451756074,7.656674903512148,100,0.009908915,0.380447,1.1099389
